date,tavg,tmin,tmax,prcp,snow,wdir,wspd,wpgt,pres,tsun
2022-01-01 00:00:00,27.4,23.7,31.4,0.3,,,4.2,,1012.3,
2022-01-02 00:00:00,27.6,24.6,32,0,,,5.7,,1011.3,
2022-01-03 00:00:00,26.8,24.5,32.1,7.6,,,6.2,,1010.9,
2022-01-04 00:00:00,27.3,23.4,31.3,7.4,,,6.7,,1011.7,
2022-01-05 00:00:00,27.3,24.1,31.1,,,,6.5,,1012.2,
2022-01-06 00:00:00,28.3,24.6,33.4,0,,,6.3,,1010.8,
2022-01-07 00:00:00,28.3,25.6,31.9,,,,3.9,,1011.4,
2022-01-08 00:00:00,27.8,24.9,31.8,,,,4.4,,1011.7,
2022-01-09 00:00:00,27,24.7,34.5,0,,,5.1,,1010.9,
2022-01-10 00:00:00,27.1,24.7,30.2,,,,4,,1010.8,
2022-01-11 00:00:00,27.4,24.5,30.5,,,,4.4,,1010.7,
2022-01-12 00:00:00,27.8,24.9,31,,,,4.1,,1010.7,
2022-01-13 00:00:00,28.3,24.9,32,0,,,3.1,,1010.8,
2022-01-14 00:00:00,28.3,25.1,32.1,0,,,3.3,,1010.6,
2022-01-15 00:00:00,28.4,25.5,31,,,,3.3,,1010.3,
2022-01-16 00:00:00,28.5,24.9,31.4,2.3,,,4,,1010.6,
2022-01-17 00:00:00,28,24.4,31.7,,,,4.8,,1012.1,
2022-01-18 00:00:00,28.1,24.5,32.4,,,,5.6,,1012,
2022-01-19 00:00:00,28.1,24.4,31.8,,,,6.8,,1010.8,
2022-01-20 00:00:00,27.8,23.9,31.9,,,,6.2,,1010.4,
2022-01-21 00:00:00,26,19.8,32.4,0,,,4.1,,1010.9,
2022-01-22 00:00:00,26.9,22.7,30.3,,,,3.7,,1010.2,
2022-01-23 00:00:00,27.1,23.2,30.1,,,,3.1,,1010.1,
2022-01-24 00:00:00,27.4,24.1,29.9,,,,3.3,,1009.5,
2022-01-25 00:00:00,27.4,24.4,30.1,,,,3.1,,1009.4,
2022-01-26 00:00:00,26.9,23.5,29.9,,,,3.2,,1009.7,
2022-01-27 00:00:00,27.4,23.5,30.9,,,,4.1,,1009.1,
2022-01-28 00:00:00,27.6,23.9,31,,,,4.6,,1009.7,
2022-01-29 00:00:00,28,24.7,31.4,,,,3.8,,1010.5,
2022-01-30 00:00:00,27.1,24.7,31.3,0,,,3.5,,1010.6,
2022-01-31 00:00:00,28.1,25.3,31.1,,,,3.1,,1010.1,
2022-02-01 00:00:00,28.2,24.7,31.8,,,,4.1,,1009.5,
2022-02-02 00:00:00,27.9,24.1,31.4,,,,4.1,,1010.1,
2022-02-03 00:00:00,26.3,23.1,30.7,0,,,3.4,,1010.8,
2022-02-04 00:00:00,27.7,23.3,30.8,0,,,3.2,,1009.7,
2022-02-05 00:00:00,27.7,23.8,30.6,,,,3.3,,1009.6,
2022-02-06 00:00:00,27.8,24.4,31.1,,,,4.1,,1011,
2022-02-07 00:00:00,27.4,23.9,31,,,,5.8,,1011.6,
2022-02-08 00:00:00,27.8,22.9,32.7,0,,,6.2,,1010.6,
2022-02-09 00:00:00,28,23.7,34.1,0,,,6.2,,1009.9,
2022-02-10 00:00:00,27.4,24.3,30.5,,,,5.2,,1009.6,
2022-02-11 00:00:00,27.5,25,30.7,,,,3.2,,1009.1,
2022-02-12 00:00:00,27.3,24.3,32.1,0.3,,,3.6,,1008.8,
2022-02-13 00:00:00,26.5,24.1,30.1,,,,5.2,,1008.2,
2022-02-14 00:00:00,27.3,24.3,33.1,0,,,5.6,,1007.9,
2022-02-15 00:00:00,27.6,24,31,,,,6.6,,1008.4,
2022-02-16 00:00:00,27.5,23.8,31.1,,,,6,,1007.1,
2022-02-17 00:00:00,27.4,23.8,31,,,,5.5,,1006,
2022-02-18 00:00:00,27.5,23.9,30.8,,,,3.8,,1007.3,
2022-02-19 00:00:00,27.9,25.3,30.8,,,,3.3,,1009.2,
2022-02-20 00:00:00,27.9,25,30.6,,,,3.3,,1009.6,
2022-02-21 00:00:00,28.5,25.8,30.8,,,,3.4,,1009.2,
2022-02-22 00:00:00,28.8,26,32,0,,,3.4,,1010,
2022-02-23 00:00:00,28.2,25.1,31.3,,,,3.4,,1011.3,
2022-02-24 00:00:00,28.2,25.1,31.2,,,,3.8,,1012.1,
2022-02-25 00:00:00,29.2,25.6,32.6,1.3,,,4.2,,1011.5,
2022-02-26 00:00:00,28,24.9,31.3,,,,4,,1011.1,
2022-02-27 00:00:00,28,24.1,31.5,,,,4.1,,1011.1,
2022-02-28 00:00:00,28.2,24.2,31.8,,,,5.3,,1010.9,
2022-03-01 00:00:00,28.5,24.9,32.1,,,,5.6,,1010.4,
2022-03-02 00:00:00,28,24.6,31.4,,,,6.2,,1009.5,
2022-03-03 00:00:00,30.1,26.2,33.9,0,,,6.4,,1008.7,
2022-03-04 00:00:00,28.4,25.5,31.1,,,,5,,1009.4,
2022-03-05 00:00:00,28.3,25,32.1,0,,,4.4,,1009.1,
2022-03-06 00:00:00,28.4,25.3,31.3,,,,4,,1008.9,
2022-03-07 00:00:00,28.6,25.5,31.4,,,,3.6,,1009.2,
2022-03-08 00:00:00,28.6,25.9,31.3,,,,3.7,,1009.3,
2022-03-09 00:00:00,28.1,24.6,32.3,0.5,,,3.9,,1008.8,
2022-03-10 00:00:00,29.6,25.6,32.1,0,,,4.1,,1008.9,
2022-03-11 00:00:00,28.7,25.6,31.4,,,,3.8,,1008.3,
2022-03-12 00:00:00,25.1,24.7,32.1,1,,,4.1,,1008.1,
2022-03-13 00:00:00,27.7,24.6,31.2,,,,3.4,,1007.8,
2022-03-14 00:00:00,28,24.6,31.3,,,,3.5,,1008.2,
2022-03-15 00:00:00,27.9,24.8,30.6,,,,3.3,,1008.2,
2022-03-16 00:00:00,27.7,25.3,30.2,,,,3.3,,1008.1,
2022-03-17 00:00:00,28.4,26.1,32,0,,,3.8,,1007.8,
2022-03-18 00:00:00,28.7,26.3,31.2,,,,3.9,,1007.6,
2022-03-19 00:00:00,28.9,26.4,31,,,,4.7,,1007.8,
2022-03-20 00:00:00,29.2,27.3,31,,,,5,,1007.9,
2022-03-21 00:00:00,29.4,26.6,31.9,0,,,4.8,,1008.1,
2022-03-22 00:00:00,29.6,27.3,31.7,,,,4.5,,1008.1,
2022-03-23 00:00:00,29.5,27.2,31.5,,,,4.7,,1008,
2022-03-24 00:00:00,29.2,26.6,31.2,,,,4.5,,1008.3,
2022-03-25 00:00:00,29,26.3,31.4,,,,4.2,,1009.1,
2022-03-26 00:00:00,29.1,25.6,31.9,0,,,3.9,,1010.7,
2022-03-27 00:00:00,29.3,26.4,31.9,,,,3.4,,1011.1,
2022-03-28 00:00:00,29.2,26.5,32.1,,,,3.8,,1010.5,
2022-03-29 00:00:00,29.1,26.4,31.9,,,,4.4,,1010,
2022-03-30 00:00:00,28.6,25.7,31.2,,,,4.2,,1009.7,
2022-03-31 00:00:00,28.8,24.9,32.8,0,,,4.2,,1009.7,
2022-04-01 00:00:00,28.6,25.2,31.4,,,,4.8,,1009.9,
2022-04-02 00:00:00,29.3,25.8,32.9,0.3,,,3.8,,1010.9,
2022-04-03 00:00:00,28.8,25.7,32.5,0,,,3.8,,1010.2,
2022-04-04 00:00:00,28.6,25.3,32.6,1.5,,,3.5,,1010.3,
2022-04-05 00:00:00,27.3,24.9,32.4,0,,,3.4,,1011.9,
2022-04-06 00:00:00,27.8,23.9,32.1,4.6,,,3.7,,1012.1,
2022-04-07 00:00:00,29.6,24.4,33.1,0,,,3.7,,1010.9,
2022-04-08 00:00:00,24.9,24.2,30.8,45.2,,,3,,1010.1,
2022-04-09 00:00:00,26.8,22.9,30.1,22.9,,,3.4,,1009.3,
2022-04-10 00:00:00,24.9,24.4,26.2,121.9,,,2.8,,1008.7,
2022-04-11 00:00:00,27.3,23.4,30.7,13.2,,,2.9,,1007.6,
2022-04-12 00:00:00,27.2,25.1,30.2,,,,2.8,,1007.2,
2022-04-13 00:00:00,27.7,24.3,31.6,6.1,,,3.1,,1007.2,
2022-04-14 00:00:00,28.9,24.5,31.9,15.2,,,4.2,,1007.9,
2022-04-15 00:00:00,29.6,25.9,32,0,,,4.9,,1008.2,
2022-04-16 00:00:00,29.3,26.1,32.4,0,,,4.6,,1007.5,
2022-04-17 00:00:00,28.7,26.2,31.9,0,,,4.3,,1008.1,
2022-04-18 00:00:00,29.1,25.9,31.7,0,,,4.4,,1009.4,
2022-04-19 00:00:00,28.3,27.3,30.2,4.3,,,3.7,,1010.4,
2022-04-20 00:00:00,29.1,25.6,32.1,62.7,,,3.4,,1008.5,
2022-04-21 00:00:00,29.1,26,31.5,25.7,,,3.7,,1007.6,
2022-04-22 00:00:00,28.3,25.9,32.1,0,,,3.3,,1008.7,
2022-04-23 00:00:00,28.5,24.9,31.4,10.9,,,3.4,,1009.2,
2022-04-24 00:00:00,29.2,25.6,32.1,0,,,3.1,,1008.1,
2022-04-25 00:00:00,28.6,25.6,31.6,0,,,3.1,,1007.7,
2022-04-26 00:00:00,29.3,26.2,32.1,4.3,,,3.2,,1007.8,
2022-04-27 00:00:00,28.9,26.6,32.5,0,,,3.2,,1007.6,
2022-04-28 00:00:00,28.3,25,32.5,71.1,,,3.3,,1008.6,
2022-04-29 00:00:00,29.3,24.9,32.1,0.5,,,3.2,,1009.1,
2022-04-30 00:00:00,29.9,26.2,32.7,13.2,,,3.5,,1007.8,
2022-05-01 00:00:00,29.8,27.1,31.2,12.7,,,4.5,,1007,
2022-05-02 00:00:00,30.3,27.6,32.4,3.6,,,4.5,,1006.6,
2022-05-03 00:00:00,30,28.2,31.9,,,,3.4,,1007,
2022-05-04 00:00:00,30.4,27.9,32.9,0,,,3.7,,1007.8,
2022-05-05 00:00:00,29.1,27.5,32.5,2.3,,,3.2,,1007.7,
2022-05-06 00:00:00,29.3,24.4,32.3,45.5,,,3.7,,1007,
2022-05-07 00:00:00,30.4,26,32.3,0,,,4,,1006.4,
2022-05-08 00:00:00,30.6,29.1,32.2,0,,,5.6,,1005.4,
2022-05-09 00:00:00,30.2,29.2,32.4,0,,,6.3,,1005.1,
2022-05-10 00:00:00,30.1,27.5,32,6.9,,,7.5,,1005.1,
2022-05-11 00:00:00,30.1,29.2,32.2,0,,,8.5,,1006.4,
2022-05-12 00:00:00,28.6,25.9,31.7,3.6,,,7.5,,1007.5,
2022-05-13 00:00:00,27.3,25.4,28.4,36.1,,,6.3,,1007.5,
2022-05-14 00:00:00,27.9,25.9,30.2,2.8,,,7.2,,1008,
2022-05-15 00:00:00,28.7,26.1,30.9,2.8,,,7.1,,1008.6,
2022-05-16 00:00:00,28.3,25.3,31,16.5,,,6.5,,1008,
2022-05-17 00:00:00,28.4,25.4,30.3,6.4,,,6.8,,1006.9,
2022-05-18 00:00:00,28.2,25.5,30.7,1.5,,,7.4,,1007.8,
2022-05-19 00:00:00,28.3,25.1,30.9,16.8,,,7,,1009.2,
2022-05-20 00:00:00,28.9,26,30.6,2.8,,,6.4,,1009.7,
2022-05-21 00:00:00,29.3,27.1,31.2,0.8,,,6.4,,1009.1,
2022-05-22 00:00:00,29.4,27.6,31.2,0.5,,,6.9,,1007.9,
2022-05-23 00:00:00,29.1,26.4,31.2,2.3,,,6.8,,1007,
2022-05-24 00:00:00,28.2,27.5,30.5,1.3,,,6,,1008.6,
2022-05-25 00:00:00,28.8,24.8,30.7,13.7,,,5.3,,1009.8,
2022-05-26 00:00:00,28.6,26.7,30.2,,,,5.4,,1009.6,
2022-05-27 00:00:00,27.4,24.4,29.5,43.7,,,7.3,,1009.6,
2022-05-28 00:00:00,28.5,26.1,30.6,1,,,13.6,,1009.9,
2022-05-29 00:00:00,26.9,25.4,29.5,9.7,,,12.7,,1009.9,
2022-05-30 00:00:00,27.1,24.4,30.1,15,,,15.9,,1008.9,
2022-05-31 00:00:00,25.6,24.6,26.4,35.6,,,21.1,,1008.5,
2022-06-01 00:00:00,28.4,24.1,30,21.6,,,20.5,,1008.1,
2022-06-02 00:00:00,28.9,26.4,31.1,0,,,22,,1007.9,
2022-06-03 00:00:00,28.7,26.8,31,9.4,,,17,,1007.8,
2022-06-04 00:00:00,28.5,24.9,30.7,1.8,,,12,,1007.6,
2022-06-05 00:00:00,28.6,26,30.8,4.8,,,13.8,,1007.8,
2022-06-06 00:00:00,26.1,24.4,27.8,10.1,,,13.7,,1008.3,
2022-06-07 00:00:00,28.3,24.1,29.9,0,,,13.8,,1009,
2022-06-08 00:00:00,28.4,24.8,30.9,7.9,,,14.2,,1008.8,
2022-06-09 00:00:00,28.6,27.3,30.6,1.8,,,15,,1008.7,
2022-06-10 00:00:00,28.8,27.3,30.7,4.3,,,14.8,,1009.4,
2022-06-11 00:00:00,27.9,27,30.1,0.5,,,13.3,,1009.8,
2022-06-12 00:00:00,28,25.9,30.7,1,,,10.3,,1009.7,
2022-06-13 00:00:00,28.6,25.7,31,4.1,,,10.5,,1009.7,
2022-06-14 00:00:00,28.8,26.4,30.5,0,,,4.9,,1008.7,
2022-06-15 00:00:00,28.1,26.6,30.9,1,,,3.8,,1007.9,
2022-06-16 00:00:00,27.8,26.4,30,26.4,,,3,,1007.7,
2022-06-17 00:00:00,28.6,26.2,30.3,0.3,,,4.2,,1007.7,
2022-06-18 00:00:00,27.7,25.6,30.3,8.6,,,3.5,,1008.2,
2022-06-19 00:00:00,28.3,25.1,30.6,8.4,,,3.4,,1008.5,
2022-06-20 00:00:00,28.4,26.2,30.7,0,,,4.4,,1007.9,
2022-06-21 00:00:00,29.2,27.6,31,0,,,5.1,,1007.1,
2022-06-22 00:00:00,28.2,27.3,31.1,0,,,5.5,,1008.2,
2022-06-23 00:00:00,28.8,26.2,30.8,9.9,,,4.4,,1009.2,
2022-06-24 00:00:00,28.1,27.2,30.3,3.8,,,4.8,,1008.9,
2022-06-25 00:00:00,29.1,27.4,31.2,0,,,5.6,,1007.6,
2022-06-26 00:00:00,28.7,27.2,30.7,2.8,,,5.8,,1007.5,
2022-06-27 00:00:00,29.3,27.6,31.1,0,,,4.7,,1008.6,
2022-06-28 00:00:00,29.1,27.8,31.4,0,,,5.1,,1008.6,
2022-06-29 00:00:00,28.8,27.2,31.1,0,,,5.7,,1007.4,
2022-06-30 00:00:00,27.9,27.2,29.4,0,,,5.7,,1006.7,
2022-07-01 00:00:00,28.8,27.6,30.7,0,,,6,,1006.4,
2022-07-02 00:00:00,29,27.9,31.6,0,,,7.2,,1005.8,
2022-07-03 00:00:00,27.7,26.5,28.9,1,,,7.4,,1006.5,
2022-07-04 00:00:00,28.4,26.4,30.6,0,,,6.3,,1007.1,
2022-07-05 00:00:00,28.3,25.9,30.1,0,,,6.2,,1007.3,
2022-07-06 00:00:00,28.3,26.2,30.2,0,,,4.1,,1007.9,
2022-07-07 00:00:00,27.5,26.6,30.1,0,,,3.8,,1009.2,
2022-07-08 00:00:00,28.6,25.6,30.5,0,,,5.1,,1008.7,
2022-07-09 00:00:00,28.1,26,30.3,0,,,5.9,,1008,
2022-07-10 00:00:00,28.1,26.6,30.4,0,,,6.9,,1008.5,
2022-07-11 00:00:00,27.7,25.4,29.7,0.5,,,6.2,,1010.5,
2022-07-12 00:00:00,28.8,26.5,30.6,0,,,5.8,,1010.7,
2022-07-13 00:00:00,28.5,27,30.3,0.9,,,7.1,,1009,
2022-07-14 00:00:00,28.6,27,30.2,3.4,,,7.1,,1007.6,
2022-07-15 00:00:00,28.4,26.5,30.2,2,,,5.1,,1007.5,
2022-07-16 00:00:00,28.6,26.1,31.1,1.5,,,4.6,,1007.9,
2022-07-17 00:00:00,28.9,26.9,31.5,0,,,3.7,,1008.3,
2022-07-18 00:00:00,28.8,27.1,31,0,,,4.1,,1008.1,
2022-07-19 00:00:00,28.3,26.8,32.4,0,,,3.8,,1007.9,
2022-07-20 00:00:00,27.9,26.5,30.4,0.8,,,4.4,,1007.8,
2022-07-21 00:00:00,27.5,26.4,29.6,0.5,,,5.1,,1007.6,
2022-07-22 00:00:00,27.6,26.3,29.3,2.3,,,5.8,,1008.4,
2022-07-23 00:00:00,28.1,26.7,30.3,0,,,5.8,,1008.4,
2022-07-24 00:00:00,28,26.8,29.8,0,,,4.8,,1008.3,
2022-07-25 00:00:00,28.2,27,30.3,0,,,3.8,,1008.1,
2022-07-26 00:00:00,28.4,26.5,30.9,0,,,3,,1008.2,
2022-07-27 00:00:00,27.3,25.2,31.7,0,,,2.4,,1007.9,
2022-07-28 00:00:00,27.1,24.4,29.6,2.3,,,2.1,,1008,
2022-07-29 00:00:00,27,25.2,28.9,1.2,,,2.1,,1008.1,
2022-07-30 00:00:00,28.1,25.9,30.8,0.8,,,3,,1007.6,
2022-07-31 00:00:00,28.4,26.9,30.7,0,,,4.3,,1006.5,
2022-08-01 00:00:00,27.1,26.5,28,0.5,,,6.3,,1006.6,
2022-08-02 00:00:00,26.9,26.4,29.4,1,,,8.3,,1006.6,
2022-08-03 00:00:00,27,25.2,29.1,3.3,,,8.4,,1006.6,
2022-08-04 00:00:00,27.3,26,30,14.7,,,8.5,,1007.7,
2022-08-05 00:00:00,27,24.3,28.8,24.9,,,6.7,,1008.6,
2022-08-06 00:00:00,27.7,25.4,29.8,2.8,,,5.8,,1008.2,
2022-08-07 00:00:00,27.7,25.9,30,0,,,6.2,,1007.8,
2022-08-08 00:00:00,28,26.4,29.9,0,,,7,,1007.9,
2022-08-09 00:00:00,28.1,26.4,30,0.8,,,6.5,,1007.9,
2022-08-10 00:00:00,28.3,26,30.1,0,,,5.1,,1007.8,
2022-08-11 00:00:00,28.3,26.1,30.4,0,,,4.9,,1008.1,
2022-08-12 00:00:00,28.1,27,29.9,0,,,4.8,,1008.7,
2022-08-13 00:00:00,28.3,27,30.6,0,,,4.7,,1008.4,
2022-08-14 00:00:00,28,26.7,30.5,0,,,4.7,,1008.8,
2022-08-15 00:00:00,28.1,25.4,30.4,0,,,4.1,,1009.1,
2022-08-16 00:00:00,28.2,26.4,30.7,0,,,4,,1009,
2022-08-17 00:00:00,28.6,26.9,30.9,0,,,4.8,,1009.6,
2022-08-18 00:00:00,28.6,26.6,31.1,0,,,4.8,,1009.2,
2022-08-19 00:00:00,28.7,27,31.1,0,,,5.3,,1009,
2022-08-20 00:00:00,28.2,27.3,30.6,1,,,5.8,,1009.2,
2022-08-21 00:00:00,28.6,26.9,30.8,0,,,6,,1009.1,
2022-08-22 00:00:00,27.9,26.2,30.6,1.5,,,5.8,,1009.2,
2022-08-23 00:00:00,28.1,25.9,30.3,1,,,5.2,,1009.5,
2022-08-24 00:00:00,27.8,26.3,30.6,0,,,5.2,,1009.8,
2022-08-25 00:00:00,27.5,26.1,30.2,0,,,4.7,,1008.5,
2022-08-26 00:00:00,27.1,26.3,30.3,0,,,5.2,,1007.7,
2022-08-27 00:00:00,26.9,25.4,29.1,3.8,,,5.5,,1008,
2022-08-28 00:00:00,27.8,26,29.9,0,,,5.1,,1007.7,
2022-08-29 00:00:00,27.3,26.4,30.1,0,,,4.2,,1007.7,
2022-08-30 00:00:00,27.1,25.8,30.8,0.3,,,2.9,,1007.5,
2022-08-31 00:00:00,25.2,24.4,26.4,23.9,,,3.2,,1007.4,
2022-09-01 00:00:00,25.9,24.3,27.3,30.5,,,3.7,,1008.3,
2022-09-02 00:00:00,27.2,24.1,29.9,1.3,,,3.9,,1009.3,
2022-09-03 00:00:00,27.1,24.8,29.8,2.5,,,3.6,,1009.3,
2022-09-04 00:00:00,26.7,25.2,30,3.6,,,4.1,,1008.9,
2022-09-05 00:00:00,25.9,24.8,27.2,0,,,5.1,,1008.7,
2022-09-06 00:00:00,26.9,24.7,29.9,12.4,,,6.1,,1009.2,
2022-09-07 00:00:00,26.8,25.8,29.1,2.8,,,5.8,,1009.5,
2022-09-08 00:00:00,27.3,26,29.1,0,,,5.5,,1009.5,
2022-09-09 00:00:00,27.4,26.1,29.9,0,,,6,,1009.2,
2022-09-10 00:00:00,28.1,26.4,30.2,0,,,6.5,,1009.6,
2022-09-11 00:00:00,28,26.4,30.1,0,,,6.2,,1009.3,
2022-09-12 00:00:00,28.1,26.5,30.4,0,,,5.1,,1009,
2022-09-13 00:00:00,27.7,26.3,30.1,0,,,4.8,,1010,
2022-09-14 00:00:00,28,26,30,2.2,,,4.8,,1011.3,
2022-09-15 00:00:00,28,25.8,29.8,2.1,,,4.4,,1012,
2022-09-16 00:00:00,28.3,26.4,30.1,1,,,4.8,,1010.5,
2022-09-17 00:00:00,28.4,26.4,30.2,3.1,,,5.4,,1009.9,
2022-09-18 00:00:00,28.3,26.5,30.1,2.1,,,5,,1010.4,
2022-09-19 00:00:00,28.1,26.5,29.6,4.7,,,5.2,,1010.3,
2022-09-20 00:00:00,28.3,26.7,29.9,4.1,,,5.1,,1010,
2022-09-21 00:00:00,28.3,26.6,30,2.8,,,5.5,,1009.9,
2022-09-22 00:00:00,28.6,26.9,30.8,0,,,5,,1010.2,
2022-09-23 00:00:00,28.4,27,31.1,0,,,4.5,,1010.6,
2022-09-24 00:00:00,28.5,27,31.3,0,,,4,,1009.8,
2022-09-25 00:00:00,28.7,27.1,31,0,,,3.9,,1008.5,
2022-09-26 00:00:00,28.7,27.4,31.2,0,,,3.7,,1009.1,
2022-09-27 00:00:00,28.3,26.7,31.1,1.7,,,4.5,,1008.8,
2022-09-28 00:00:00,28.2,26.9,31.2,0.3,,,5.5,,1008.3,
2022-09-29 00:00:00,28.7,27,31.2,0,,,5.5,,1008.3,
2022-09-30 00:00:00,28.1,26.9,30.6,5.3,,,7.2,,1009.3,
2022-10-01 00:00:00,27.8,24.8,30.7,3.8,,,7.2,,1009.5,
2022-10-02 00:00:00,28.3,25.5,30.6,3.8,,,6.6,,1008.8,
2022-10-03 00:00:00,27.8,26.9,29.7,0,,,6.1,,1008.3,
2022-10-04 00:00:00,28.3,26.4,30.3,0.5,,,5.2,,1008.1,
2022-10-05 00:00:00,28.3,27,30.4,0,,,4.8,,1008.2,
2022-10-06 00:00:00,28.1,26.7,30.7,0,,,4.3,,1008.2,
2022-10-07 00:00:00,28,26.4,30.3,0,,,4.2,,1008.5,
2022-10-08 00:00:00,28.1,26.7,30.4,0,,,3.7,,1008.7,
2022-10-09 00:00:00,28.3,26.8,30.9,0,,,3.3,,1008.9,
2022-10-10 00:00:00,28.4,26.5,31,0,,,3.5,,1010.1,
2022-10-11 00:00:00,28.1,25.4,31.1,1.8,,,3.8,,1010.2,
2022-10-12 00:00:00,25.7,25,29.8,18.8,,,3.2,,1010.1,
2022-10-13 00:00:00,25.7,24.3,28,0,,,2.1,,1009.6,
2022-10-14 00:00:00,25.3,23.9,27,85.9,,,2.7,,1009.1,
2022-10-15 00:00:00,25.9,24,27.6,14.8,,,2.3,,1008.6,
2022-10-16 00:00:00,27.4,24.4,30.3,2.3,,,3.2,,1009.9,
2022-10-17 00:00:00,27.2,24.6,29.8,9.7,,,3,,1011.6,
2022-10-18 00:00:00,26.1,23.9,28,24.9,,,2.8,,1011.8,
2022-10-19 00:00:00,27.7,24.5,29.7,12.2,,,3.1,,1011,
2022-10-20 00:00:00,27.9,26.8,29.8,4.6,,,3.6,,1010.8,
2022-10-21 00:00:00,25.3,23.6,28.5,25.1,,,3.2,,1011.3,
2022-10-22 00:00:00,25.4,23.7,27.3,69.1,,,2.4,,1011.7,
2022-10-23 00:00:00,25.5,23.8,27.8,68.3,,,2.9,,1011.6,
2022-10-24 00:00:00,27.5,23.4,29.7,43.4,,,2.9,,1010.8,
2022-10-25 00:00:00,27.5,25.4,29.3,1,,,3.3,,1010.6,
2022-10-26 00:00:00,27.3,24.4,30.6,3.8,,,2.8,,1011.1,
2022-10-27 00:00:00,26.9,24.5,30.2,6.6,,,3.1,,1010.6,
2022-10-28 00:00:00,27.8,23.9,32.2,0,,,3.4,,1009.4,
2022-10-29 00:00:00,28.2,24.3,31.1,0,,,3.8,,1008.8,
2022-10-30 00:00:00,27.7,25.4,31.4,1,,,4.1,,1009,
2022-10-31 00:00:00,27.2,24.6,31.1,0,,,3.7,,1008.8,
2022-11-01 00:00:00,25.9,24.7,30.1,5.1,,,2.8,,1009.9,
2022-11-02 00:00:00,27.1,23.5,30.1,35.3,,,2.4,,1010.2,
2022-11-03 00:00:00,27.8,26.1,30.6,1,,,2.6,,1009.8,
2022-11-04 00:00:00,27.7,24.9,30.5,0.3,,,2.9,,1010.4,
2022-11-05 00:00:00,26,24.4,30,2.8,,,2.8,,1011.5,
2022-11-06 00:00:00,26.9,24,30.7,31.5,,,3.7,,1011.5,
2022-11-07 00:00:00,26.8,23.3,31.3,37.3,,,4.8,,1011,
2022-11-08 00:00:00,26.7,24.5,30.7,4.6,,,4.8,,1010.4,
2022-11-09 00:00:00,27.2,24.2,31.5,9.7,,,4.8,,1009.8,
2022-11-10 00:00:00,27,24,30.1,0,,,4.4,,1009.8,
2022-11-11 00:00:00,27.4,24.5,30.2,0.8,,,3.5,,1009.6,
2022-11-12 00:00:00,26.3,24.9,29.6,3.8,,,2.4,,1010.1,
2022-11-13 00:00:00,26.8,24.5,30.4,1.8,,,2.4,,1010.3,
2022-11-14 00:00:00,25.8,24.3,29.7,7.1,,,2.7,,1010.8,
2022-11-15 00:00:00,26.7,22.6,30,125,,,3.6,,1011.3,
2022-11-16 00:00:00,27.6,24.4,30.7,0,,,4.5,,1010.3,
2022-11-17 00:00:00,27.3,23.6,31.4,0,,,5.5,,1009.8,
2022-11-18 00:00:00,27.1,23.1,31.4,0,,,6.3,,1009.7,
2022-11-19 00:00:00,27.1,24.3,30.8,0,,,6.3,,1009.6,
2022-11-20 00:00:00,27,24.5,29.8,0,,,5.3,,1008.8,
2022-11-21 00:00:00,27,24,30.4,0,,,3.5,,1009,
2022-11-22 00:00:00,27.7,23.3,30.4,0,,,3.5,,1009.5,
2022-11-23 00:00:00,27.5,24.7,30.9,0,,,3.2,,1010.5,
2022-11-24 00:00:00,27.7,23.8,31,0,,,3,,1010.6,
2022-11-25 00:00:00,27.8,23.9,31.3,0,,,2.9,,1010.9,
2022-11-26 00:00:00,26.8,24.7,31.3,0,,,2.8,,1010.3,
2022-11-27 00:00:00,28.2,25.1,31.4,0,,,3.1,,1009,
2022-11-28 00:00:00,28.2,24.9,31.1,0,,,3,,1009.1,
2022-11-29 00:00:00,28.1,24.9,31.4,0,,,3.2,,1009.6,
2022-11-30 00:00:00,27.6,24.2,30.7,0,,,3.8,,1009.9,
2022-12-01 00:00:00,27.8,23.6,30.8,15.5,,,3.1,,1009.7,
2022-12-02 00:00:00,27.1,24.9,30.8,0,,,3,,1009.3,
2022-12-03 00:00:00,25.7,24,29.8,21.3,,,3.2,,1009.2,
2022-12-04 00:00:00,25.8,22.9,30.3,24.1,,,2.7,,1010,
2022-12-05 00:00:00,26.7,22.6,30.6,70.9,,,3.1,,1010.3,
2022-12-06 00:00:00,27.2,24,30.9,1,,,4.5,,1009.5,
2022-12-07 00:00:00,27.1,24.7,30.5,0,,,7.8,,1008.6,
2022-12-08 00:00:00,23.8,24.3,27.1,0,,,6.1,,1007.9,
2022-12-09 00:00:00,25.5,22.8,28,2,,,4.3,,1007.2,
2022-12-10 00:00:00,24.9,23.8,29.6,16.5,,,3.7,,1007.8,
2022-12-11 00:00:00,26.2,22.1,30.2,47.2,,,3.4,,1009.3,
2022-12-12 00:00:00,26.2,23.5,29.9,7.6,,,2.9,,1010,
2022-12-13 00:00:00,27.1,22.9,31.1,0,,,2.7,,1010.2,
2022-12-14 00:00:00,26.7,23.6,31.2,0,,,2.8,,1010.5,
2022-12-15 00:00:00,27.2,23,31.3,17,,,4,,1009.5,
2022-12-16 00:00:00,28,22.9,31.2,0,,,5.2,,1008.8,
2022-12-17 00:00:00,27.2,23.6,30.9,5.4,,,6.7,,1008.7,
2022-12-18 00:00:00,26.8,24.9,30.1,0,,,7.8,,1007.9,
2022-12-19 00:00:00,25.7,24.7,27.9,0,,,8.1,,1007.3,
2022-12-20 00:00:00,27.7,23.9,32.9,0,,,6.5,,1006.7,
2022-12-21 00:00:00,26.8,24.8,30.1,0,,,5.7,,1007.1,
2022-12-22 00:00:00,26.6,23.9,31.5,0,,,7.9,,1007.6,
2022-12-23 00:00:00,27.2,23.4,30,0.5,,,7.1,,1008.1,
2022-12-24 00:00:00,27.1,25.2,29.7,0,,,6.3,,1009,
2022-12-25 00:00:00,25.3,24.4,26.4,83.1,,,4.9,,1008.6,
2022-12-26 00:00:00,26.5,23.5,29.9,15.5,,,2.7,,1010.3,
2022-12-27 00:00:00,27.3,23.2,31.7,0,,,3,,1012.4,
2022-12-28 00:00:00,27.5,24.7,30.6,0,,,3.1,,1013.3,
2022-12-29 00:00:00,28,25,31.7,4.3,,,3.4,,1014.1,
2022-12-30 00:00:00,27.6,22.9,33,0,,,4.3,,1014.8,
2022-12-31 00:00:00,26.4,22.3,32.4,0,,,5.1,,1014.6,
2023-01-01 00:00:00,27.1,21.5,32.3,0,,,5.9,,1013.8,
2023-01-02 00:00:00,27.1,22.6,31.4,0,,,5.4,,1013.4,
2023-01-03 00:00:00,27.2,22.4,32.3,0,,,6.8,,1013.3,
2023-01-04 00:00:00,27.8,23.3,32.5,0,,,6.7,,1012.5,
2023-01-05 00:00:00,27.6,23.4,33.3,0,,,6.1,,1011.9,
2023-01-06 00:00:00,27.4,25.1,32.2,0,,,6.7,,1012.7,
2023-01-07 00:00:00,26.7,24.2,32.1,0.8,,,6,,1012.3,
2023-01-08 00:00:00,27.2,23.7,30.9,7.9,,,6.6,,1011.9,
2023-01-09 00:00:00,27.3,23.5,31.8,0,,,7.6,,1012.7,
2023-01-10 00:00:00,26.7,22.6,31.2,0,,,7.6,,1012.7,
2023-01-11 00:00:00,26.3,21.9,30.6,0,,,7.4,,1011.6,
2023-01-12 00:00:00,26.6,22.1,33,0,,,7.4,,1010.9,
2023-01-13 00:00:00,26.5,21.4,31.2,0,,,6.3,,1011.2,
2023-01-14 00:00:00,27.3,23.6,31.1,0,,,5.5,,1011.1,
2023-01-15 00:00:00,26.9,23.5,30.8,0,,,4.5,,1010.7,
2023-01-16 00:00:00,26.1,24.2,31.2,0,,,3.4,,1010.9,
2023-01-17 00:00:00,25.8,23.1,28.7,31,,,3.5,,1011.4,
2023-01-18 00:00:00,26.5,23.1,30.9,0,,,4.8,,1011.9,
2023-01-19 00:00:00,26.5,22.6,31.5,0,,,7,,1012,
2023-01-20 00:00:00,26,21.6,31.4,0,,,7.6,,1011.7,
2023-01-21 00:00:00,26,23.9,29.4,0,,,7.3,,1010.8,
2023-01-22 00:00:00,26.7,23.2,30.1,0,,,6.7,,1010,
2023-01-23 00:00:00,27.2,23.9,31.7,0,,,4.7,,1009.5,
2023-01-24 00:00:00,25.8,24.4,28.9,1.8,,,3.3,,1010,
2023-01-25 00:00:00,26.5,22.7,31.2,71.1,,,4.8,,1010.1,
2023-01-26 00:00:00,26.6,23.5,30.1,0,,,4.8,,1010.1,
2023-01-27 00:00:00,27.2,23.8,31.3,0,,,5.2,,1010,
2023-01-28 00:00:00,26.8,23.7,31.2,0,,,6.9,,1009.1,
2023-01-29 00:00:00,26.5,22.6,30.8,0,,,6.9,,1008.4,
2023-01-30 00:00:00,25.9,23.2,30.9,0,,,4.6,,1009.2,
2023-01-31 00:00:00,25.8,24.9,29.1,0.3,,,7.9,,1008.7,
2023-02-01 00:00:00,26.2,23.7,29.7,2,,,7.6,,1007.8,
2023-02-02 00:00:00,26.2,23.9,29.4,5.3,,,5.4,,1007.8,
2023-02-03 00:00:00,26.3,24.5,28.6,2.3,,,3.1,,1008.9,
2023-02-04 00:00:00,26.8,24.2,30.1,13.3,,,4,,1009.1,
2023-02-05 00:00:00,27.3,24.7,31.1,1.5,,,5.2,,1008.8,
2023-02-06 00:00:00,27.5,24.7,31.6,0,,,6.2,,1009.4,
2023-02-07 00:00:00,27.9,25,32.6,0,,,4.6,,1009.9,
2023-02-08 00:00:00,27.9,24.9,32.8,0.3,,,4.1,,1009.3,
2023-02-09 00:00:00,27.5,24.4,31.5,0,,,4.3,,1010.3,
2023-02-10 00:00:00,27.4,24.9,31.3,0,,,4.5,,1011.3,
2023-02-11 00:00:00,27.4,23.5,30.6,0,,,5.7,,1011.4,
2023-02-12 00:00:00,27.3,24.4,30.4,0,,,4.9,,1011.7,
2023-02-13 00:00:00,27.3,23.6,30.2,0,,,4.4,,1011.5,
2023-02-14 00:00:00,27.7,24.5,31.6,0,,,4.5,,1011.4,
2023-02-15 00:00:00,27.7,23.8,32.3,0,,,5.1,,1009.8,
2023-02-16 00:00:00,27.5,22.5,31.9,0,,,5.3,,1009.8,
2023-02-17 00:00:00,27.8,23.6,31.8,0,,,5.1,,1010.4,
2023-02-18 00:00:00,28.3,24.4,32.3,0,,,5,,1010.8,
2023-02-19 00:00:00,27.1,25.1,31.7,0,,,3.6,,1011.2,
2023-02-20 00:00:00,26.2,24.5,32.3,19.3,,,3.1,,1011.5,
2023-02-21 00:00:00,27.4,23.9,31.3,36.8,,,3.8,,1011.2,
2023-02-22 00:00:00,27.3,22.9,31.8,0,,,4.6,,1010.9,
2023-02-23 00:00:00,27.6,24,30.9,1,,,3.5,,1010.9,
2023-02-24 00:00:00,27.3,24.7,31.6,0,,,3.3,,1011.3,
2023-02-25 00:00:00,27.2,24.1,32.2,9.9,,,3.9,,1012.4,
2023-02-26 00:00:00,27.6,23.6,33.5,1.8,,,4.6,,1013,
2023-02-27 00:00:00,26.9,23.1,31.6,0,,,5.5,,1013.6,
2023-02-28 00:00:00,27.8,24.6,32.3,0,,,4.2,,1012.8,
2023-03-01 00:00:00,28,24.4,31.8,0,,,3.4,,1012.6,
2023-03-02 00:00:00,28,24.3,32.5,0,,,3.8,,1013.2,
2023-03-03 00:00:00,28.2,24.7,33.4,0.9,,,4.4,,1013.8,
2023-03-04 00:00:00,27.3,25,33,0.5,,,3.4,,1013.7,
2023-03-05 00:00:00,28.1,24.4,31.7,0,,,3.3,,1013.4,
2023-03-06 00:00:00,27,24.9,31.8,0,,,3.7,,1012.4,
2023-03-07 00:00:00,26.8,23.5,32.2,15.5,,,3.7,,1011.6,
2023-03-08 00:00:00,28.1,23.6,33.4,9.4,,,3.7,,1011,
2023-03-09 00:00:00,28.7,24.6,33.4,0,,,3.6,,1010.5,
2023-03-10 00:00:00,27.6,25.6,30.5,0,,,3.2,,1010.6,
2023-03-11 00:00:00,26.7,25.1,31.3,0,,,3.1,,1010.5,
2023-03-12 00:00:00,27.4,24.5,31,8.1,,,3.4,,1010.2,
2023-03-13 00:00:00,27.8,24.1,31.7,0,,,3.4,,1009.7,
2023-03-14 00:00:00,27.1,24.3,31.6,0,,,3.4,,1009.1,
2023-03-15 00:00:00,28.1,23.3,31.8,2.3,,,3.4,,1008.8,
2023-03-16 00:00:00,27.3,24.9,31.7,0,,,3.3,,1009.6,
2023-03-17 00:00:00,28.3,23.8,31.4,0,,,3.4,,1009.5,
2023-03-18 00:00:00,27.9,25.8,32.2,0,,,4.1,,1009.4,
2023-03-19 00:00:00,28.1,23.8,31.8,0,,,4,,1009.1,
2023-03-20 00:00:00,27.2,24.2,31.1,32.8,,,3.8,,1009.1,
2023-03-21 00:00:00,28.4,24.4,32.1,0,,,3.4,,1008.6,
2023-03-22 00:00:00,29,25,31.7,0,,,3.9,,1009,
2023-03-23 00:00:00,27.2,26.4,31.4,37.1,,,3.5,,1009.3,
2023-03-24 00:00:00,27.7,24.5,31.6,1.3,,,3.9,,1009.8,
2023-03-25 00:00:00,28.3,23.6,31.6,5.1,,,3.7,,1010.5,
2023-03-26 00:00:00,28.6,25.6,31.8,0,,,3.4,,1009.9,
2023-03-27 00:00:00,28.9,25,32.1,1.5,,,3.1,,1009.4,
2023-03-28 00:00:00,28.8,26.2,31.9,0,,,3.6,,1009.5,
2023-03-29 00:00:00,28.7,25.9,31.9,0,,,3.8,,1010.2,
2023-03-30 00:00:00,28.1,23.6,31.9,11.4,,,3.7,,1010,
2023-03-31 00:00:00,29.3,25,32.1,0,,,3.6,,1009.1,
2023-04-01 00:00:00,28.6,26,32.5,0,,,3.9,,1009.4,
2023-04-02 00:00:00,28.4,25.4,31.6,0.5,,,3.6,,1009.5,
2023-04-03 00:00:00,28,25.2,32.1,0,,,4,,1009.3,
2023-04-04 00:00:00,27.1,24.9,31.1,3.3,,,3.5,,1010.2,
2023-04-05 00:00:00,28.4,23.8,31.6,1.3,,,3.5,,1009.6,
2023-04-06 00:00:00,28.2,25.5,32,0,,,3.8,,1009.9,
2023-04-07 00:00:00,28.2,24.9,32,0,,,3.3,,1010.6,
2023-04-08 00:00:00,27.3,23.9,31.3,50.3,,,3.3,,1011.9,
2023-04-09 00:00:00,28.4,24.3,31.5,0,,,3.4,,1012,
2023-04-10 00:00:00,28.1,25,32.6,0,,,3.3,,1011,
2023-04-11 00:00:00,29.3,24.4,33.1,7.9,,,3,,1010.5,
2023-04-12 00:00:00,29.6,25.5,33.4,0,,,3.4,,1010.7,
2023-04-13 00:00:00,29.1,26.5,32.8,0,,,3.3,,1010.3,
2023-04-14 00:00:00,28.4,25.7,32.3,5.1,,,3.7,,1010.5,
2023-04-15 00:00:00,28.2,26.1,32.3,27.7,,,3.8,,1010.2,
2023-04-16 00:00:00,28.6,24.7,32.1,22.6,,,3.7,,1009.1,
2023-04-17 00:00:00,29.1,25.7,32.4,0,,,3.4,,1009.1,
2023-04-18 00:00:00,30.2,26.2,32.8,0,,,3.3,,1009.9,
2023-04-19 00:00:00,30.2,27,32.8,0,,,3.8,,1008.8,
2023-04-20 00:00:00,30,27.2,32.7,0,,,4.1,,1007.2,
2023-04-21 00:00:00,29.8,26.5,32.5,0,,,4.1,,1007.1,
2023-04-22 00:00:00,29.1,25.6,32.1,10.7,,,3.4,,1006.9,
2023-04-23 00:00:00,29.3,26.9,33.1,0,,,3.8,,1007.3,
2023-04-24 00:00:00,28.3,25.8,32.9,0,,,2.8,,1008.3,
2023-04-25 00:00:00,27.7,25.6,33,0.5,,,2.8,,1008.6,
2023-04-26 00:00:00,27.5,23.1,32.1,49.8,,,2.9,,1008.1,
2023-04-27 00:00:00,28.3,23.9,32.6,17.8,,,3.4,,1008.1,
2023-04-28 00:00:00,27.8,25.2,32.4,7.6,,,2.9,,1008.8,
2023-04-29 00:00:00,26,24.6,32.4,3.6,,,2.5,,1008.2,
2023-04-30 00:00:00,27.9,23.6,31.8,48.5,,,2.6,,1007.4,
2023-05-01 00:00:00,28.6,25.4,32.2,0,,,2.8,,1007.5,
2023-05-02 00:00:00,27.1,25.2,30.5,64.5,,,2.7,,1008.7,
2023-05-03 00:00:00,27.5,24.8,31.2,10.7,,,3.1,,1009.4,
2023-05-04 00:00:00,28.3,23.8,32.8,41.9,,,2.7,,1008.8,
2023-05-05 00:00:00,26.1,22.6,28.6,71.1,,,2.6,,1008.1,
2023-05-06 00:00:00,28.3,25.2,31.7,2.3,,,3,,1008,
2023-05-07 00:00:00,29.2,26.4,31.2,3,,,3.1,,1007.8,
2023-05-08 00:00:00,29.7,26.3,31.8,5.1,,,3.1,,1007.3,
2023-05-09 00:00:00,27.3,26.4,31.6,1.8,,,3.4,,1007.5,
2023-05-10 00:00:00,28.6,24.2,31.7,28.4,,,3.4,,1007.4,
2023-05-11 00:00:00,29.2,26.1,32,0,,,6.2,,1008.6,
2023-05-12 00:00:00,29.7,24.9,32.1,8.1,,,6.3,,1009.6,
2023-05-13 00:00:00,29.6,27.4,31.6,2.5,,,6.9,,1010.1,
2023-05-14 00:00:00,29.4,27.2,31.3,13.2,,,6.3,,1009.7,
2023-05-15 00:00:00,30.2,28.5,31.8,3.2,,,6.2,,1009.5,
2023-05-16 00:00:00,30.4,28.4,32.3,1.7,,,5.1,,1009.9,
2023-05-17 00:00:00,30.3,28.6,32.5,0,,,4.4,,1010.4,
2023-05-18 00:00:00,29.8,27.8,32.1,0,,,4.1,,1011.4,
2023-05-19 00:00:00,29.2,27,31.9,0,,,4.6,,1010.9,
2023-05-20 00:00:00,28.2,25.6,30.7,23.6,,,4.6,,1010.3,
2023-05-21 00:00:00,26.4,26.4,28.5,21.3,,,4.3,,1011,
2023-05-22 00:00:00,28.8,24.6,31.6,7.1,,,4.1,,1011.6,
2023-05-23 00:00:00,29.1,26.1,31.9,0,,,4.2,,1011.7,
2023-05-24 00:00:00,29.4,26,31.8,0,,,4.5,,1011.6,
2023-05-25 00:00:00,29.7,26.5,32.1,0,,,5.2,,1011.9,
2023-05-26 00:00:00,30.1,28,32.3,0,,,5.3,,1012.2,
2023-05-27 00:00:00,30.2,28,32.3,7.1,,,5.6,,1010.7,
2023-05-28 00:00:00,30.2,28.6,32.1,1.8,,,5.4,,1009.3,
2023-05-29 00:00:00,30.2,28.4,32.3,0,,,3.8,,1009.2,
2023-05-30 00:00:00,29.7,27.9,32.6,3.6,,,4.2,,1009.8,
2023-05-31 00:00:00,29.7,25.4,32.4,7.6,,,4.4,,1009.6,
2023-06-01 00:00:00,29.4,26.3,32.4,0,,,5.2,,1009.6,
2023-06-02 00:00:00,30.1,26.1,32.2,1.5,,,5.8,,1009.8,
2023-06-03 00:00:00,30,27,32.2,8.9,,,6,,1009.7,
2023-06-04 00:00:00,29.4,28.1,32,0,,,6.2,,1009.6,
2023-06-05 00:00:00,29.1,27.6,31.4,2.3,,,5.9,,1009.3,
2023-06-06 00:00:00,29.6,26.9,31.5,3.3,,,6.1,,1008.8,
2023-06-07 00:00:00,29.6,27.9,31.3,0.5,,,6.1,,1009,
2023-06-08 00:00:00,29.4,27.5,31.6,3.6,,,6.5,,1009.4,
2023-06-09 00:00:00,29.2,27.8,31.2,2.3,,,6.4,,1008.8,
2023-06-10 00:00:00,29.3,25.8,31.3,1.8,,,5.9,,1007.9,
2023-06-11 00:00:00,26.6,26.7,29.7,13.7,,,5.1,,1007.8,
2023-06-12 00:00:00,27.8,24.9,31.1,22.9,,,5.2,,1007.9,
2023-06-13 00:00:00,28.3,25.1,30.7,8.4,,,5.2,,1008.6,
2023-06-14 00:00:00,29.1,26.8,31.1,0,,,5.1,,1009.6,
2023-06-15 00:00:00,29.4,27.9,30.9,7.7,,,5.4,,1009.3,
2023-06-16 00:00:00,29.8,28.6,31.2,1.7,,,6.3,,1009,
2023-06-17 00:00:00,29.4,28.4,31.7,0,,,6.8,,1009.2,
2023-06-18 00:00:00,28.9,27.9,31.3,1,,,6.3,,1009.1,
2023-06-19 00:00:00,29.2,27.8,31.3,0,,,6.5,,1008.2,
2023-06-20 00:00:00,29.2,26.7,31.5,1.3,,,6.6,,1007.3,
2023-06-21 00:00:00,28.7,26.1,30.5,6.1,,,6.1,,1008,
2023-06-22 00:00:00,29.2,25.9,31.6,6.6,,,5.1,,1008.5,
2023-06-23 00:00:00,29.1,27.4,30.6,11,,,5.5,,1008.6,
2023-06-24 00:00:00,29.8,26.8,31.7,0,,,6,,1007.9,
2023-06-25 00:00:00,28.5,27.4,30.2,0.5,,,5.8,,1008.3,
2023-06-26 00:00:00,28.3,25.4,31.2,3.6,,,5.7,,1009.1,
2023-06-27 00:00:00,27.8,25.4,30.5,1,,,4.7,,1009.8,
2023-06-28 00:00:00,28.5,25.2,30.8,10,,,4.8,,1010.5,
2023-06-29 00:00:00,28.2,27,30.7,2,,,5.4,,1011.2,
2023-06-30 00:00:00,29.2,25.6,31.2,1.8,,,4.9,,1010.8,
2023-07-01 00:00:00,29.1,27.4,31.6,0.8,,,5.5,,1010.6,
2023-07-02 00:00:00,28.6,27,29.8,2.3,,,5.5,,1010,
2023-07-03 00:00:00,28.2,25.7,30.3,4.3,,,6.7,,1009.4,
2023-07-04 00:00:00,27.7,26.9,30.1,2.8,,,6.4,,1008.8,
2023-07-05 00:00:00,26.1,25.7,29.2,16.8,,,5.2,,1008.2,
2023-07-06 00:00:00,27.7,23.7,30.1,22.1,,,3.7,,1009.2,
2023-07-07 00:00:00,27.5,25.7,29.7,0.8,,,3.7,,1010.8,
2023-07-08 00:00:00,28.2,25,30.7,0,,,4,,1011.3,
2023-07-09 00:00:00,28.8,27.4,30.6,0,,,4.8,,1010,
2023-07-10 00:00:00,28.4,27.4,30.2,0,,,4.5,,1009.4,
2023-07-11 00:00:00,28.4,27.4,30.3,0,,,4.8,,1009.2,
2023-07-12 00:00:00,28.9,27.1,31.8,0,,,4.6,,1009.3,
2023-07-13 00:00:00,28.5,26.7,30,9.5,,,5.2,,1009.9,
2023-07-14 00:00:00,28.8,27.3,31,0,,,5.5,,1010.7,
2023-07-15 00:00:00,29,27.6,31.8,0.3,,,5.3,,1010.4,
2023-07-16 00:00:00,29.1,27.8,31.1,0,,,5.6,,1009.7,
2023-07-17 00:00:00,29.1,27.9,31.1,0,,,6.1,,1009.6,
2023-07-18 00:00:00,29.3,27.2,31.6,0,,,6.5,,1009.9,
2023-07-19 00:00:00,29.3,27,31.6,0,,,6.6,,1009.3,
2023-07-20 00:00:00,29,27.6,31.3,0,,,5.8,,1008.8,
2023-07-21 00:00:00,28.9,27.5,31.4,0,,,6.2,,1009.5,
2023-07-22 00:00:00,29.1,27.5,31.5,0,,,6,,1010.8,
2023-07-23 00:00:00,28.9,27.3,31.5,0,,,5.2,,1010.7,
2023-07-24 00:00:00,28.1,25.2,30.5,6.1,,,4.4,,1010,
2023-07-25 00:00:00,26.4,26,29.6,9.9,,,4.3,,1010,
2023-07-26 00:00:00,28.1,24.5,30.2,25.4,,,5.2,,1011,
2023-07-27 00:00:00,28.6,26.1,30.7,0,,,4.8,,1011.4,
2023-07-28 00:00:00,28.9,27.3,30.8,0,,,6.1,,1010.9,
2023-07-29 00:00:00,28.9,27.4,30.8,0,,,7.1,,1010.3,
2023-07-30 00:00:00,28.8,27.3,30.5,0,,,7.2,,1009.9,
2023-07-31 00:00:00,29.1,27.9,30.6,5.1,,,6.9,,1009.7,
2023-08-01 00:00:00,28.6,27.5,30.9,0,,,6.6,,1010.3,
2023-08-02 00:00:00,28.9,27.6,30.5,2.1,,,6.3,,1011.3,
2023-08-03 00:00:00,29,26.5,31.4,0,,,6.2,,1011,
2023-08-04 00:00:00,29.4,27.7,31.7,0,,,5.9,,1011.9,
2023-08-05 00:00:00,28.7,27.5,30.6,0.5,,,5.3,,1012.3,
2023-08-06 00:00:00,28.5,27.6,30.5,0,,,5.3,,1011.6,
2023-08-07 00:00:00,28.9,27.3,31.2,0,,,6,,1010.1,
2023-08-08 00:00:00,29.2,27.5,31.5,0,,,5.8,,1010.2,
2023-08-09 00:00:00,28.7,27.5,31.1,0,,,5.1,,1011.2,
2023-08-10 00:00:00,28.6,26.9,30.5,3.8,,,4.9,,1011.4,
2023-08-11 00:00:00,28.7,27.4,31,0,,,4.4,,1010.8,
2023-08-12 00:00:00,29.1,27.5,31.3,0,,,5,,1010.6,
2023-08-13 00:00:00,29.1,27.5,31.6,0,,,5.6,,1010.5,
2023-08-14 00:00:00,28.9,27.5,31.7,0,,,5.2,,1010.9,
2023-08-15 00:00:00,28.9,27.1,32,0.5,,,5,,1011.4,
2023-08-16 00:00:00,29.1,25.9,31.5,0.5,,,5.1,,1011.5,
2023-08-17 00:00:00,29.3,27.5,31.9,0,,,6,,1011.4,
2023-08-18 00:00:00,29.2,27.5,31.7,0.3,,,6.4,,1010.8,
2023-08-19 00:00:00,29.4,27.6,31.8,0,,,5.4,,1010.2,
2023-08-20 00:00:00,29.6,27.6,32.2,0,,,5.2,,1009.4,
2023-08-21 00:00:00,29.6,28,32.3,0,,,5.2,,1008.5,
2023-08-22 00:00:00,29.7,27.9,32.3,0,,,4.7,,1008.5,
2023-08-23 00:00:00,29.3,26.2,32.5,0,,,4.8,,1009,
2023-08-24 00:00:00,29.6,28,32.2,0,,,5.5,,1009.2,
2023-08-25 00:00:00,29.1,26,32,6.6,,,4.8,,1009.4,
2023-08-26 00:00:00,29.4,26.2,32.3,0,,,4.6,,1010.1,
2023-08-27 00:00:00,29.6,25.4,32.2,3.3,,,4.4,,1010.7,
2023-08-28 00:00:00,29.2,27.4,32.5,0.3,,,5,,1010.5,
2023-08-29 00:00:00,27.2,26.7,30.1,9.4,,,5.1,,1009.9,
2023-08-30 00:00:00,27.7,24.7,30.4,6.1,,,4,,1009.7,
2023-08-31 00:00:00,27.2,25.9,31.3,17,,,3.6,,1009.5,
2023-09-01 00:00:00,26.1,24.5,28.6,40.4,,,3.4,,1010,
2023-09-02 00:00:00,27.1,24.8,29.3,33.5,,,3.6,,1010.1,
2023-09-03 00:00:00,26.7,24.9,28.5,112.3,,,4.9,,1009.5,
2023-09-04 00:00:00,27.6,24.1,31.2,10.4,,,6.1,,1008.2,
2023-09-05 00:00:00,27.8,24.8,30.1,19.6,,,5.2,,1008.5,
2023-09-06 00:00:00,27.2,25.3,29.4,8.4,,,4.5,,1009.3,
2023-09-07 00:00:00,26.8,25.6,28.7,21.5,,,3.6,,1010.4,
2023-09-08 00:00:00,27.6,24,29.8,18,,,4.1,,1011.4,
2023-09-09 00:00:00,28.3,25.9,31.1,0.8,,,4.8,,1010.7,
2023-09-10 00:00:00,27.7,25.2,31.3,0,,,4.4,,1009.8,
2023-09-11 00:00:00,27.1,24.8,30.4,20.3,,,4,,1010,
2023-09-12 00:00:00,27.7,24.7,30.9,24.4,,,3.7,,1010.2,
2023-09-13 00:00:00,28.3,26.5,31.4,0,,,4.6,,1010.2,
2023-09-14 00:00:00,27.9,26.8,29.2,20.2,,,4.7,,1010.6,
2023-09-15 00:00:00,26.9,24.5,29.3,7.9,,,3.6,,1010.7,
2023-09-16 00:00:00,28.6,24.5,31.5,0,,,2.9,,1010.5,
2023-09-17 00:00:00,27.8,26.4,31.7,0,,,3,,1009.6,
2023-09-18 00:00:00,25.7,24,28.2,49,,,2.4,,1009.6,
2023-09-19 00:00:00,26.4,24.6,29,13,,,2.4,,1010.8,
2023-09-20 00:00:00,27.7,24,30,70.6,,,2.1,,1010.7,
2023-09-21 00:00:00,28.2,25.1,31.4,0.5,,,3.1,,1010.6,
2023-09-22 00:00:00,26.9,24.6,31.3,40.4,,,3.3,,1011,
2023-09-23 00:00:00,27.7,24.4,30.7,21.3,,,3.3,,1011.1,
2023-09-24 00:00:00,28.4,25.1,31.6,0.5,,,3,,1010.9,
2023-09-25 00:00:00,28.4,26.1,31.1,3,,,3.1,,1009.8,
2023-09-26 00:00:00,27.3,26.7,31.3,4.6,,,3.8,,1009.6,
2023-09-27 00:00:00,27.3,25.2,29.8,25.1,,,4.4,,1009.9,
2023-09-28 00:00:00,27,26.2,28,34.8,,,4.1,,1010.4,
2023-09-29 00:00:00,26.3,23.8,29.8,69.1,,,4.1,,1011,
2023-09-30 00:00:00,26.1,24.9,30.4,46.5,,,3.7,,1011.3,
2023-10-01 00:00:00,25.3,22.8,29,30.5,,,2.7,,1011.2,
2023-10-02 00:00:00,26.4,24.1,30.3,44.5,,,3.1,,1011.7,
2023-10-03 00:00:00,25.9,24,29.4,27.2,,,3.3,,1011.8,
2023-10-04 00:00:00,25.9,24.4,28.4,65.8,,,2.4,,1011.7,
2023-10-05 00:00:00,27.2,24.3,29.9,32.3,,,2.4,,1011,
2023-10-06 00:00:00,26.4,25.1,29,7.6,,,2.1,,1010.3,
2023-10-07 00:00:00,27.1,24.3,30.6,55.4,,,1.6,,1009.9,
2023-10-08 00:00:00,27.9,25.3,31.3,2.8,,,2.5,,1010.9,
2023-10-09 00:00:00,28.3,25.5,31.2,0,,,2.7,,1012.1,
2023-10-10 00:00:00,27.7,25.5,31.6,0,,,2.1,,1011.9,
2023-10-11 00:00:00,26.3,24.9,30.4,37.3,,,2.2,,1011.8,
2023-10-12 00:00:00,26.9,24.6,29,5.6,,,2.5,,1012.4,
2023-10-13 00:00:00,27.5,25.1,30.2,0,,,2.1,,1012.7,
2023-10-14 00:00:00,27.7,25,31.1,0,,,1.4,,1012.7,
2023-10-15 00:00:00,26.4,24.5,29.7,37.6,,,1.6,,1011.9,
2023-10-16 00:00:00,28.2,24.2,31.1,0,,,2.1,,1011.3,
2023-10-17 00:00:00,26.7,24.6,30.8,47.2,,,1.7,,1011.5,
2023-10-18 00:00:00,25.6,24.3,28.3,0,,,1.9,,1012.1,
2023-10-19 00:00:00,26,24.1,27.6,45.2,,,1.8,,1012.5,
2023-10-20 00:00:00,26.9,24.4,30.2,5.6,,,2.4,,1012.3,
2023-10-21 00:00:00,26.9,24.1,30.2,11.4,,,2.2,,1012.3,
2023-10-22 00:00:00,27.2,24.5,30.3,33,,,1.8,,1012.7,
2023-10-23 00:00:00,27,24.4,29.7,14,,,2,,1012.5,
2023-10-24 00:00:00,28.1,25.2,31.4,0,,,2.4,,1011.9,
2023-10-25 00:00:00,27.8,24.9,31.3,0.3,,,1.8,,1012.2,
2023-10-26 00:00:00,27.6,24.9,30.9,0.3,,,1.9,,1012,
2023-10-27 00:00:00,27.5,24.9,31.1,2.8,,,2.5,,1011.1,
2023-10-28 00:00:00,27.4,24.4,31.3,2,,,1.9,,1010.7,
2023-10-29 00:00:00,27.1,24.4,30.8,10.4,,,2,,1010.6,
2023-10-30 00:00:00,26.9,24,30.8,21.6,,,2.2,,1010.5,
2023-10-31 00:00:00,26.8,23.6,31.6,29,,,2.1,,1010.8,
2023-11-01 00:00:00,27.2,23.6,31.2,92.2,,,1.8,,1011.1,
2023-11-02 00:00:00,27.7,24.8,32.2,7.4,,,1.7,,1010.4,
2023-11-03 00:00:00,26.9,24.4,30.5,7.6,,,2.1,,1009.5,
2023-11-04 00:00:00,26.9,24.5,30.9,0.5,,,1.7,,1009.6,
2023-11-05 00:00:00,26.9,24.2,31.5,20.6,,,2,,1010.7,
2023-11-06 00:00:00,26.6,23.6,31.5,6.6,,,1.9,,1011.5,
2023-11-07 00:00:00,25.6,23.9,31.2,85.1,,,1.8,,1011.5,
2023-11-08 00:00:00,27.3,22.5,31.6,45.5,,,2,,1011.1,
2023-11-09 00:00:00,26.9,24.7,30.7,4.8,,,1.6,,1011.6,
2023-11-10 00:00:00,27.2,24.5,31.4,32.3,,,1.7,,1012.3,
2023-11-11 00:00:00,28.3,23.1,31.6,1.5,,,2.4,,1011.9,
2023-11-12 00:00:00,27.1,24.8,31.3,11.7,,,2.4,,1011.7,
2023-11-13 00:00:00,27.3,24.6,31.5,10.9,,,2.8,,1011.2,
2023-11-14 00:00:00,27.6,25.1,30.1,1.3,,,2.5,,1010.8,
2023-11-15 00:00:00,27.7,25.4,30.7,1,,,2.1,,1010.9,
2023-11-16 00:00:00,28.7,24.6,32.6,6.1,,,2.1,,1011.6,
2023-11-17 00:00:00,28.3,26.1,31.4,0,,,2.2,,1011.6,
2023-11-18 00:00:00,27.7,25.9,31.4,1.5,,,2.1,,1011.1,
2023-11-19 00:00:00,26.4,24.9,30.5,57.7,,,2.1,,1011.1,
2023-11-20 00:00:00,27.3,23.8,31.2,17.8,,,1.8,,1010.8,
2023-11-21 00:00:00,27.9,24.9,31.5,0,,,1.9,,1010.3,
2023-11-22 00:00:00,26.9,25.2,30.5,30.2,,,1.9,,1010.3,
2023-11-23 00:00:00,27.8,24.3,31.2,32.3,,,1.7,,1009.6,
2023-11-24 00:00:00,27.6,25.1,31,2.3,,,2,,1009.2,
2023-11-25 00:00:00,27.6,24.4,31,0,,,2.1,,1009.8,
2023-11-26 00:00:00,28.2,24.2,31.8,0,,,2.2,,1010.4,
2023-11-27 00:00:00,28.5,25.1,32.1,0,,,1.9,,1009.2,
2023-11-28 00:00:00,26.6,24.5,30.8,0,,,1.7,,1009,
2023-11-29 00:00:00,27.4,23.9,31.2,34.3,,,2,,1008.9,
2023-11-30 00:00:00,27.4,24.9,31.4,3.3,,,2.1,,1009.9,
2023-12-01 00:00:00,26.8,25,30.3,0,,,4.4,,1009.1,
2023-12-02 00:00:00,27.8,25.1,30.6,1.3,,,3.7,,1008.1,
2023-12-03 00:00:00,28.5,25.6,31.4,0.5,,,2.4,,1008.4,
2023-12-04 00:00:00,26,24.8,28.9,23.1,,,3.1,,1008.8,
2023-12-05 00:00:00,27.9,25,31.1,20.6,,,3,,1008.9,
2023-12-06 00:00:00,27.2,24.7,29.5,23.6,,,2.7,,1009.8,
2023-12-07 00:00:00,28.3,24.6,31.9,0,,,2.7,,1010.1,
2023-12-08 00:00:00,27,25.8,31.5,1,,,2,,1010.9,
2023-12-09 00:00:00,26.9,24.3,31.1,64,,,1.9,,1011.2,
2023-12-10 00:00:00,26.4,24.4,31.7,2.8,,,1.8,,1010.2,
2023-12-11 00:00:00,27.3,23.9,31.1,16.5,,,2.3,,1010.4,
2023-12-12 00:00:00,27,23.9,31.8,27.9,,,1.9,,1010,
2023-12-13 00:00:00,27.8,23.7,32.7,13,,,4.2,,1009.6,
2023-12-14 00:00:00,26.9,25.4,29.5,0,,,5.9,,1010.4,
2023-12-15 00:00:00,26.1,24.6,32.2,7.9,,,2.9,,1010.8,
2023-12-16 00:00:00,26.1,24.4,30,37.1,,,2,,1010,
2023-12-17 00:00:00,27.4,23.9,32.1,11.2,,,2,,1009.4,
2023-12-18 00:00:00,27.2,24.9,31.4,4.1,,,2.3,,1010.6,
2023-12-19 00:00:00,27.8,24.5,33.1,2.3,,,3,,1010.7,
2023-12-20 00:00:00,27.4,25.4,31.9,2,,,2.8,,1010.4,
2023-12-21 00:00:00,27.9,25.1,31,0.6,,,2.7,,1010.8,
2023-12-22 00:00:00,28.4,25.4,33.7,0.1,,,3.3,,1011.4,
2023-12-23 00:00:00,28.1,25.2,32.8,0,,,3.7,,1011.9,
2023-12-24 00:00:00,28.6,25.7,31.7,12.6,,,4.1,,1012.5,
2023-12-25 00:00:00,28.5,25.3,32.2,1.3,,,3.4,,1011.9,
2023-12-26 00:00:00,29,25.5,32.7,0.2,,,4.9,,1011.4,
2023-12-27 00:00:00,28.8,25.6,33.4,0,,,6.3,,1011.2,
2023-12-28 00:00:00,27.6,25.7,31.3,1.8,,,2.6,,1010.7,
2023-12-29 00:00:00,27.3,25.6,31.1,9.7,,,2.5,,1011,
2023-12-30 00:00:00,27.1,24.5,32.3,2.5,,,3.1,,1010.8,
2023-12-31 00:00:00,27.4,24.9,30.5,6.1,,,3.6,,1011,
2024-01-01 00:00:00,26.8,25,29.2,7.2,,,3.4,,1011.7,
2024-01-02 00:00:00,27.5,24.6,30.7,8.7,,,3.6,,1010.8,
2024-01-03 00:00:00,28,25.4,31.1,7.3,,,3,,1010.7,
2024-01-04 00:00:00,28.7,25,31.2,0,,,2.4,,1010.8,
2024-01-05 00:00:00,28.9,25.4,32.2,0,,,2.6,,1011,
2024-01-06 00:00:00,27.8,25.2,31.4,0,,,2.4,,1010.8,
2024-01-07 00:00:00,27.4,25,31.3,6.4,,,1.9,,1011,
2024-01-08 00:00:00,27,24.2,29.7,49.5,,,1.9,,1011.1,
2024-01-09 00:00:00,27,25.2,30.8,3,,,3.2,,1010.4,
2024-01-10 00:00:00,26.6,25,28.8,0,,,3.3,,1010,
2024-01-11 00:00:00,27.2,24.3,31.7,0,,,3.5,,1010.6,
2024-01-12 00:00:00,28.2,24.7,32,0,,,4.8,,1010.6,
2024-01-13 00:00:00,27.3,25.3,32.9,0,,,5.7,,1011.6,
2024-01-14 00:00:00,27.4,22.7,32.9,0,,,5.4,,1011.5,
2024-01-15 00:00:00,25.6,22.9,31.6,0,,,6.3,,1011.6,
2024-01-16 00:00:00,27.2,23.1,30.4,0,,,4.1,,1011.1,
2024-01-17 00:00:00,27.7,24.4,30.5,0,,,3.2,,1010.7,
2024-01-18 00:00:00,28.3,25.6,31,0.7,,,3.4,,1010.7,
2024-01-19 00:00:00,28.2,25.8,30.8,6.4,,,3,,1011,
2024-01-20 00:00:00,28,25.1,31.2,12.1,,,3,,1011.4,
2024-01-21 00:00:00,28.6,25.6,31.8,0.4,,,3.1,,1011.8,
2024-01-22 00:00:00,29,26.3,32.1,0.4,,,3.4,,1012.2,
2024-01-23 00:00:00,28.8,25.4,32.6,0,,,3.7,,1012.2,
2024-01-24 00:00:00,28.5,24.5,32.3,0,,,3.2,,1012.1,
2024-01-25 00:00:00,28.2,24.6,31.4,0,,,3.1,,1012.8,
2024-01-26 00:00:00,28.3,24.6,31.9,0,,,4.3,,1013.6,
2024-01-27 00:00:00,28.5,24.8,32,0,,,5.9,,1013.4,
2024-01-28 00:00:00,28.7,25.6,32.3,0.7,,,6.1,,1013.1,
2024-01-29 00:00:00,28.7,25.8,32.2,1.6,,,6.1,,1012.6,
2024-01-30 00:00:00,28.6,25.9,31.9,20.7,,,3.9,,1012.3,
2024-01-31 00:00:00,28.2,26.1,31.2,1.7,,,3,,1013,
2024-02-01 00:00:00,28,25.7,30.8,3.1,,,3,,1013.2,
2024-02-02 00:00:00,28.8,25.9,31.6,0.1,,,2.8,,1012.6,
2024-02-03 00:00:00,29.2,26.3,31.8,0,,,3,,1012.6,
2024-02-04 00:00:00,28.8,26.1,32,2.9,,,3.4,,1013.6,
2024-02-05 00:00:00,28.4,26,31.3,2.3,,,3.5,,1014.1,
2024-02-06 00:00:00,28.8,25.4,32.7,0,,,4.4,,1013.2,
2024-02-07 00:00:00,28.6,25.2,32.3,0,,,4.3,,1013.3,
2024-02-08 00:00:00,28.1,24.5,31.4,0,,,3.8,,1012.6,
2024-02-09 00:00:00,28.5,24.7,32.2,0,,,3.2,,1012.6,
2024-02-10 00:00:00,29.1,25.3,33.1,0,,,4.1,,1013.2,
2024-02-11 00:00:00,29.3,25.7,33.6,0,,,5,,1013.4,
2024-02-12 00:00:00,29.1,25.7,33.3,0.1,,,4.9,,1012.9,
2024-02-13 00:00:00,29.1,26.1,32.4,1,,,5,,1012.2,
2024-02-14 00:00:00,29.4,26.4,32.8,4.8,,,4.4,,1011.7,
2024-02-15 00:00:00,29.2,26.6,32.4,7.2,,,3.4,,1011.4,
2024-02-16 00:00:00,29.1,26.3,32.8,4.2,,,4.1,,1011.5,
2024-02-17 00:00:00,29.3,26.1,32.9,1.8,,,4.3,,1011,
2024-02-18 00:00:00,29.3,26.2,32.7,0,,,3.3,,1010.8,
2024-02-19 00:00:00,29.3,25.8,32.7,0,,,3.1,,1010.9,
2024-02-20 00:00:00,29.7,26.4,32.8,0.9,,,2.8,,1010.9,
2024-02-21 00:00:00,29.6,26.6,32.7,0.4,,,3.1,,1011.2,
2024-02-22 00:00:00,29.6,26.9,32.1,0.3,,,3.5,,1012.1,
2024-02-23 00:00:00,29.6,26.8,32,0.4,,,3.8,,1011.4,
2024-02-24 00:00:00,29.5,26.9,32,1.4,,,3.3,,1011,
2024-02-25 00:00:00,29.5,26.4,32.1,0.4,,,3,,1009.7,
2024-02-26 00:00:00,29.8,26.8,32.9,0.8,,,3.1,,1008.9,
2024-02-27 00:00:00,30,26.9,33.5,1,,,3.6,,1009.3,
2024-02-28 00:00:00,29.5,26.6,32.9,1.1,,,4.2,,1009.6,
2024-02-29 00:00:00,29.3,26.1,32.8,0.9,,,3.3,,1010.4,
2024-03-01 00:00:00,29.3,26,32.5,0.2,,,2.8,,1011.4,
2024-03-02 00:00:00,29.6,26.2,32.6,0.2,,,3.1,,1011.6,
2024-03-03 00:00:00,29.6,26.5,32.3,2,,,3.1,,1011,
2024-03-04 00:00:00,29.3,26.3,32,0,,,3.3,,1010.8,
2024-03-05 00:00:00,29,26,31.7,0,,,2.8,,1011.2,
2024-03-06 00:00:00,29,26.3,31.9,0.1,,,2.8,,1011.4,
2024-03-07 00:00:00,29,26,31.7,0,,,2.8,,1010.8,
2024-03-08 00:00:00,29.2,26.3,31.7,0.4,,,3.1,,1011.2,
2024-03-09 00:00:00,29.3,26.2,32,0,,,3.1,,1011.2,
2024-03-10 00:00:00,29.4,26.2,32.1,0,,,3.1,,1012.2,
2024-03-11 00:00:00,29.6,26.2,32.5,0,,,2.9,,1013.2,
2024-03-12 00:00:00,29.8,26.4,32.6,0.2,,,3.4,,1012.8,
2024-03-13 00:00:00,30,26.7,32.6,1.2,,,3.4,,1012.3,
2024-03-14 00:00:00,29.9,26.8,32.4,0.1,,,3.4,,1012.1,
2024-03-15 00:00:00,30,27.1,32.6,0,,,4.1,,1011.4,
2024-03-16 00:00:00,30.2,27.1,33,0,,,4,,1011.4,
2024-03-17 00:00:00,29.9,26.8,32.6,0.6,,,3.4,,1011.3,
2024-03-18 00:00:00,29.7,26.5,32.5,0.1,,,3.4,,1011,
2024-03-19 00:00:00,29.9,26.7,32.6,0,,,3.4,,1010.6,
2024-03-20 00:00:00,30.1,26.8,33,0.3,,,3.5,,1010.4,
2024-03-21 00:00:00,29.8,27.1,32.7,2.4,,,3.1,,1009.7,
2024-03-22 00:00:00,29,26.6,32.4,7.7,,,2.9,,1008.7,
2024-03-23 00:00:00,28.9,26,32.4,10.2,,,2.5,,1008.8,
2024-03-24 00:00:00,28.7,25.8,32.3,8.1,,,2.8,,1010.3,
2024-03-25 00:00:00,29.4,26,32.7,0,,,2.6,,1010.2,
2024-03-26 00:00:00,29.7,26.4,32.9,2.5,,,3,,1011,
2024-03-27 00:00:00,28.8,26.3,32.5,18.3,,,3,,1012.7,
2024-03-28 00:00:00,28.8,25.8,32.4,10.4,,,2.7,,1011.6,
2024-03-29 00:00:00,29.4,26.1,32.5,1,,,3,,1010.8,
2024-03-30 00:00:00,29.5,26.4,32.4,0.8,,,3.1,,1011.5,
2024-03-31 00:00:00,29.6,26.6,32.6,2.1,,,3.1,,1012.3,
2024-04-01 00:00:00,29.6,26.6,32.6,1.4,,,3.1,,1010.5,
2024-04-02 00:00:00,29.7,26.6,33,9.8,,,3.3,,1009.1,
2024-04-03 00:00:00,29.8,26.8,32.7,1.5,,,3.3,,1009.5,
2024-04-04 00:00:00,29.7,27.2,32.8,4.6,,,3,,1009.9,
2024-04-05 00:00:00,29.7,26.5,32.6,0.9,,,2.7,,1009.4,
2024-04-06 00:00:00,30.3,27.1,33.1,2,,,3.6,,1008.7,
2024-04-07 00:00:00,30.4,27.4,32.9,1,,,3.5,,1008.4,
2024-04-08 00:00:00,30.3,27.5,33.2,3.5,,,3.6,,1009,
2024-04-09 00:00:00,30.3,26.9,33.6,0.1,,,2.8,,1008.9,
2024-04-10 00:00:00,30.4,27.1,34,0.5,,,2.6,,1008.9,
2024-04-11 00:00:00,29.7,26.9,33.2,8.5,,,2.8,,1009,
2024-04-12 00:00:00,28.5,26,32,17.2,,,2.2,,1009.2,
2024-04-13 00:00:00,28.6,25.7,32.1,2.1,,,2.2,,1009.3,
2024-04-14 00:00:00,28.8,26,32.4,23.2,,,2.7,,1009.4,
2024-04-15 00:00:00,28.8,26,32.8,14.5,,,2.6,,1009.8,
2024-04-16 00:00:00,29.2,26.2,32.6,14.3,,,2.8,,1009.8,
2024-04-17 00:00:00,29.6,26.2,32.8,4,,,3.4,,1009.6,
2024-04-18 00:00:00,30.3,27,33.1,1.3,,,3.4,,1008.8,
2024-04-19 00:00:00,30.7,27.9,33,0.6,,,3.4,,1007.6,
2024-04-20 00:00:00,30.6,28.1,33,2.6,,,3.5,,1007.4,
2024-04-21 00:00:00,30.9,28,33.3,1.4,,,3.4,,1007.7,
2024-04-22 00:00:00,30.5,27.9,32.9,0.8,,,2.8,,1008.3,
2024-04-23 00:00:00,30.4,27.7,33.2,2,,,2.7,,1007.6,
2024-04-24 00:00:00,30.1,27.5,32.9,2.6,,,2.7,,1007.1,
2024-04-25 00:00:00,30.2,26.8,33.1,2.4,,,2.5,,1007.3,
2024-04-26 00:00:00,30.3,27.3,33.1,1.6,,,2.6,,1007.1,
2024-04-27 00:00:00,29.9,27.5,32.9,3.2,,,2.4,,1007.1,
2024-04-28 00:00:00,30.2,27,33.2,3.9,,,2.8,,1007.6,
2024-04-29 00:00:00,29.8,27.3,33,7.7,,,2.5,,1008.9,
2024-04-30 00:00:00,29.6,26.8,32.4,5.8,,,2.7,,1008.8,
2024-05-01 00:00:00,30.6,27.3,33.3,3,,,3.4,,1006.9,
2024-05-02 00:00:00,31.2,28.6,33.5,0,,,3.4,,1006.8,
2024-05-03 00:00:00,31.4,28.7,33.7,1.6,,,4,,1007.8,
2024-05-04 00:00:00,31.2,28.7,33.3,0.9,,,3.7,,1008.3,
2024-05-05 00:00:00,31.1,28.8,33.3,2,,,4.1,,1007.7,
2024-05-06 00:00:00,31.2,28.8,33.6,1.8,,,4.1,,1008.1,
2024-05-07 00:00:00,30.8,28.4,32.9,0.7,,,3.4,,1008.9,
2024-05-08 00:00:00,30.4,28.3,32.7,4.1,,,2.7,,1008.6,
2024-05-09 00:00:00,29.4,27.5,32,6.2,,,2.3,,1008,
2024-05-10 00:00:00,29.1,26.9,31.6,15.1,,,1.9,,1008.4,
2024-05-11 00:00:00,29.3,26.7,32.6,5.7,,,2.1,,1009,
2024-05-12 00:00:00,28.8,27,31.3,28,,,2.3,,1009.3,
2024-05-13 00:00:00,29.2,26.6,32.1,4.9,,,2.2,,1008,
2024-05-14 00:00:00,28.8,26.6,31.6,16.4,,,2,,1008,
2024-05-15 00:00:00,28.5,26.3,31.2,5.6,,,2.2,,1008.5,
2024-05-16 00:00:00,28.6,26.3,31.4,13,,,2,,1008.6,
2024-05-17 00:00:00,28.3,26.4,30.8,13.1,,,2.1,,1008.2,
2024-05-18 00:00:00,27.8,26.5,29.5,38.5,,,2.8,,1007.1,
2024-05-19 00:00:00,27.7,27,29,74,,,3.3,,1005.8,
2024-05-20 00:00:00,28,27.2,28.7,52.7,,,4.4,,1005.6,
2024-05-21 00:00:00,28.8,28,29.9,18,,,5.1,,1006,
2024-05-22 00:00:00,29.1,28.5,30.1,44.6,,,7.2,,1005.7,
2024-05-23 00:00:00,28.8,28.3,29.3,51.2,,,8.2,,1005.1,
2024-05-24 00:00:00,28.8,28.2,29.9,48.6,,,8.9,,1005.4,
2024-05-25 00:00:00,28.7,27.9,29.6,55.3,,,9.2,,1006.2,
2024-05-26 00:00:00,28.8,28.2,30,44.8,,,8.4,,1007.2,
2024-05-27 00:00:00,27.5,23.8,30.7,47.2,,,7.4,,1007.6,
2024-05-28 00:00:00,29,23.8,30.7,17,,,6.1,,1007.5,
2024-05-29 00:00:00,29.1,27.7,31.2,0.5,,,6.1,,1006.9,
2024-05-30 00:00:00,29.3,27.9,31.2,2.5,,,6.2,,1006.6,
2024-05-31 00:00:00,29.5,28.1,31,0,,,5.9,,1006.6,
2024-06-01 00:00:00,29,27.7,30.4,0.5,,,5.4,,1007.1,
2024-06-02 00:00:00,26.6,23.6,30.2,58.7,,,5.4,,1008.2,
2024-06-03 00:00:00,27.7,23.6,30.5,0,,,4.8,,1008.9,
2024-06-04 00:00:00,29.2,26,31.8,3.5,,,4.7,,1009.6,
2024-06-05 00:00:00,29,26.1,31.8,0.8,,,4.6,,1010.3,
2024-06-06 00:00:00,28.8,26,31.8,0.6,,,3.9,,1010.7,
2024-06-07 00:00:00,27.8,25,31.6,5.5,,,4.5,,1010,
2024-06-08 00:00:00,28.8,25,31.6,25.4,,,4.6,,1009.8,
2024-06-09 00:00:00,27.9,24.6,31.3,0,,,5.2,,1009.9,
2024-06-10 00:00:00,29.2,26.5,31.3,4.1,,,5.5,,1010.1,
2024-06-11 00:00:00,29.2,27.3,31.3,1,,,6.2,,1010.5,
2024-06-12 00:00:00,27.6,25.5,31.2,1.5,,,5.4,,1011.1,
2024-06-13 00:00:00,29.1,25.5,30.8,0,,,5.2,,1010.7,
2024-06-14 00:00:00,29.4,27.9,31,3.5,,,5.4,,1009.3,
2024-06-15 00:00:00,29.3,28.1,31,8.4,,,5.4,,1008.7,
2024-06-16 00:00:00,28.9,25.7,31.4,5.1,,,5.3,,1009,
2024-06-17 00:00:00,29.4,28,31.1,5.5,,,5.2,,1009.2,
2024-06-18 00:00:00,28.3,25.2,31.4,5.6,,,4.8,,1009.3,
2024-06-19 00:00:00,28.1,25.2,30.8,19.6,,,5.3,,1008.9,
2024-06-20 00:00:00,27.8,25.6,31.3,8.4,,,5,,1008.8,
2024-06-21 00:00:00,28.5,25.6,31.3,11.9,,,5.3,,1008.7,
2024-06-22 00:00:00,28.8,25.2,31.4,1.5,,,6.4,,1007.4,
2024-06-23 00:00:00,29.6,25.2,32.6,7.1,,,6.7,,1007.2,
2024-06-24 00:00:00,27.9,24.2,32.6,0,,,5.9,,1007.2,
2024-06-25 00:00:00,26.5,23.6,31,47,,,5.1,,1006.9,
2024-06-26 00:00:00,27.3,24.4,29.6,16.5,,,4,,1006.9,
2024-06-27 00:00:00,27.4,24.5,30.6,0,,,3.3,,1008.3,
2024-06-28 00:00:00,28.4,24.5,30.7,11.9,,,3.5,,1008.8,
2024-06-29 00:00:00,28.6,25.1,31.2,0,,,3.4,,1008.9,
2024-06-30 00:00:00,29.2,26,31.4,3.8,,,4.2,,1009.7,
2024-07-01 00:00:00,28.6,25.4,31.4,13,,,3.6,,1009.7,
2024-07-02 00:00:00,29.4,25.4,31.2,0,,,3.4,,1008.5,
2024-07-03 00:00:00,28.9,25,32.7,11.6,,,3.7,,1008.7,
2024-07-04 00:00:00,27.6,25,32.7,10.3,,,4.4,,1009.6,
2024-07-05 00:00:00,27.1,23.6,32,23.9,,,3.8,,1008.7,
2024-07-06 00:00:00,28.8,23.6,31.3,0,,,3.9,,1007.9,
2024-07-07 00:00:00,26.6,25.4,31.4,4.1,,,3.4,,1007.8,
2024-07-08 00:00:00,28.1,23.9,31.4,24.9,,,3.3,,1007.6,
2024-07-09 00:00:00,29.2,24.7,30.8,0,,,3,,1008.3,
2024-07-10 00:00:00,28.9,24.6,31,2.5,,,3.7,,1010.3,
2024-07-11 00:00:00,29.1,25.5,31,3.6,,,4.1,,1009.6,
2024-07-12 00:00:00,29.1,26,31.3,1,,,4.1,,1008.6,
2024-07-13 00:00:00,26.5,24.7,31.3,0,,,4.3,,1008.3,
2024-07-14 00:00:00,28.9,24.6,31.2,12.3,,,4.8,,1007.4,
2024-07-15 00:00:00,26.9,23.8,31.2,17.4,,,4.4,,1007.5,
2024-07-16 00:00:00,28.1,24,31.5,9.6,,,3.8,,1008.1,
2024-07-17 00:00:00,28.4,24.9,32.2,32.8,,,3.8,,1008.6,
2024-07-18 00:00:00,28.6,25.5,32.2,6.1,,,4.4,,1009,
2024-07-19 00:00:00,29.1,26.1,31.8,0,,,5.3,,1008,
2024-07-20 00:00:00,29.3,27.8,31.1,0.3,,,5.4,,1008.1,
2024-07-21 00:00:00,28.9,27.8,32.4,0,,,5.1,,1009,
2024-07-22 00:00:00,27,24.6,31.1,3.4,,,4.6,,1010.3,
2024-07-23 00:00:00,29.2,24.6,31.5,13,,,4.1,,1010.7,
2024-07-24 00:00:00,29.3,25.3,32.1,0,,,4.4,,1009.3,
2024-07-25 00:00:00,29.2,27.5,32.1,4,,,5.1,,1008.1,
2024-07-26 00:00:00,29.7,27.1,32.1,2.2,,,4.6,,1008.3,
2024-07-27 00:00:00,29.4,27.9,32.7,3.8,,,5.5,,1008.5,
2024-07-28 00:00:00,29.2,26.7,32.7,17.2,,,5.8,,1008,
2024-07-29 00:00:00,26.1,27.3,32.2,50.1,,,5.1,,1007.2,
2024-07-30 00:00:00,28,26.4,29.5,19.3,,,3.6,,1008.7,
2024-07-31 00:00:00,29,23.7,31.8,15,,,3.6,,1010,
2024-08-01 00:00:00,29.1,26.1,31.8,0,,,4.1,,1010.1,
2024-08-02 00:00:00,29.1,26.4,31.6,7.8,,,3.9,,1009.9,
2024-08-03 00:00:00,29.5,27.1,31.8,0.5,,,2.9,,1010,
2024-08-04 00:00:00,28.9,27.1,31.8,0,,,3.1,,1010.1,
2024-08-05 00:00:00,28.9,26.9,31.1,10.4,,,3.5,,1010,
2024-08-06 00:00:00,28.6,25.8,31.7,1.7,,,2.7,,1009.1,
2024-08-07 00:00:00,29.6,26.9,31.7,1.6,,,3.4,,1008.8,
2024-08-08 00:00:00,28.3,27.2,32.3,17,,,4.2,,1009.8,
2024-08-09 00:00:00,28.8,26.3,32.3,1,,,4.1,,1010.2,
2024-08-10 00:00:00,29.3,26.4,31.7,16.2,,,4,,1010.2,
2024-08-11 00:00:00,29.1,27.2,32,17.3,,,3.3,,1008,
2024-08-12 00:00:00,27.6,24,33,45.6,,,2.6,,1006.3,
2024-08-13 00:00:00,28.2,24,33,8.1,,,2.4,,1006.6,
2024-08-14 00:00:00,27.2,24.7,32.2,4.6,,,3.7,,1007.1,
2024-08-15 00:00:00,27.3,25,31.5,4.5,,,3.4,,1006.9,
2024-08-16 00:00:00,27.7,24.1,31.5,42.8,,,4.5,,1006.3,
2024-08-17 00:00:00,27.8,24.1,31,36.8,,,5.3,,1007.3,
2024-08-18 00:00:00,28.4,24.4,31,26.3,,,4.2,,1008,
2024-08-19 00:00:00,26.6,24.2,29.9,28,,,3.8,,1007.7,
2024-08-20 00:00:00,26.1,24.1,29.4,22.5,,,4.1,,1008.2,
2024-08-21 00:00:00,25.4,24.3,29.3,19.5,,,3.8,,1010.1,
2024-08-22 00:00:00,28.5,23.9,30.7,0.9,,,2.9,,1010.8,
2024-08-23 00:00:00,28.7,24.5,31.2,0.2,,,3.2,,1011.4,
2024-08-24 00:00:00,27.9,25.5,31.2,1.7,,,3.1,,1011.8,
2024-08-25 00:00:00,28.7,25.5,31.4,1,,,3.9,,1011.7,
2024-08-26 00:00:00,29.2,25.8,31.4,0,,,4.5,,1010.9,
2024-08-27 00:00:00,29.1,27,31.3,3.8,,,4.4,,1011.3,
2024-08-28 00:00:00,29.1,27,31.3,,,,3.4,,1011.2,
2024-08-29 00:00:00,29.3,27.4,31.2,1.5,,,4.3,,1010.2,
2024-08-30 00:00:00,27.9,25.1,31.2,0,,,4.4,,1010,
2024-08-31 00:00:00,28.1,24.4,31.3,6.6,,,4.5,,1010.2,
2024-09-01 00:00:00,28.5,24.4,31.3,20.1,,,4.6,,1010.1,
2024-09-02 00:00:00,28.6,25.1,31.9,0,,,5.7,,1009.9,
2024-09-03 00:00:00,27.1,23.6,31.9,,,,5.5,,1010,
2024-09-04 00:00:00,27.8,23.6,30.2,14,,,4.8,,1010.2,
2024-09-05 00:00:00,29.1,26.6,31.6,4.6,,,5.1,,1009.2,
2024-09-06 00:00:00,29.2,27.2,31.6,0,,,6.4,,1009.3,
2024-09-07 00:00:00,28.7,26.4,31.6,2.6,,,6.2,,1010.2,
2024-09-08 00:00:00,29.4,26.4,31.7,4.3,,,5.8,,1011.1,
2024-09-09 00:00:00,27.6,24,31.7,10.9,,,5.6,,1010,
2024-09-10 00:00:00,28.3,27.4,29.5,23.1,,,5.2,,1009.5,
2024-09-11 00:00:00,27.3,24.8,30.3,23.4,,,3.7,,1010.3,
2024-09-12 00:00:00,28.4,24.8,30.6,3.8,,,3.7,,1010.7,
2024-09-13 00:00:00,29.2,25.4,31.6,4,,,4.2,,1010,
2024-09-14 00:00:00,29.1,26.2,32,1,,,4.4,,1009.6,
2024-09-15 00:00:00,28.9,27.8,30.3,6,,,5.1,,1009.7,
2024-09-16 00:00:00,29.2,28.2,30.7,14.7,,,5.4,,1010,
2024-09-17 00:00:00,29,27.8,30.7,4.8,,,5.9,,1009.6,
2024-09-18 00:00:00,29.1,27.8,30.9,6,,,6.1,,1008.5,
2024-09-19 00:00:00,28.9,27.5,30.6,5,,,6.1,,1008.5,
2024-09-20 00:00:00,29,27.6,31,2.6,,,5.8,,1008.6,
2024-09-21 00:00:00,28.9,27.7,30.7,5.4,,,6.3,,1008.7,
2024-09-22 00:00:00,29,27.7,30.8,7.4,,,6.8,,1008.5,
2024-09-23 00:00:00,29.1,27.9,30.7,1.1,,,6.9,,1008.3,
2024-09-24 00:00:00,29,27.8,30.6,8.4,,,6.7,,1008.1,
2024-09-25 00:00:00,29.2,27.8,30.9,5.3,,,5.4,,1008,
2024-09-26 00:00:00,29,27.4,31,2.8,,,4.5,,1008,
2024-09-27 00:00:00,28.8,27,30.7,7.3,,,2.8,,1008.7,
2024-09-28 00:00:00,28.5,26.6,31.2,4.2,,,1.7,,1008.7,
2024-09-29 00:00:00,28,25.9,31.2,5.6,,,1.5,,1009.2,
2024-09-30 00:00:00,27.7,25.4,30.9,17.2,,,1.8,,1009.2,
2024-10-01 00:00:00,28.4,25.4,31.8,1.9,,,2.5,,1008.9,
2024-10-02 00:00:00,28.5,25.3,31.8,1.6,,,3.2,,1009.9,
2024-10-03 00:00:00,28.8,26.4,31.1,0.7,,,3.4,,1010.4,
2024-10-04 00:00:00,29,27,31.2,0,,,3.4,,1010.2,
2024-10-05 00:00:00,28.4,26.6,30.5,4,,,2.6,,1010.3,
2024-10-06 00:00:00,27.8,26.1,30,6.6,,,2.3,,1010,
2024-10-07 00:00:00,26.7,25.4,28.8,28.2,,,1.9,,1010.9,
2024-10-08 00:00:00,26.8,25.2,29.1,3.9,,,1.8,,1011.3,
2024-10-09 00:00:00,27,25,29.1,9.8,,,1.9,,1010,
2024-10-10 00:00:00,26.8,25.3,28.9,36.2,,,2,,1008.8,
2024-10-11 00:00:00,26.1,25.3,27.1,80.4,,,3.1,,1009.1,
2024-10-12 00:00:00,26.4,25.4,27.5,47.8,,,2.4,,1009.7,
2024-10-13 00:00:00,26.3,25.3,28.1,30.4,,,2.3,,1009.6,
2024-10-14 00:00:00,25.9,25.1,27.3,48.3,,,2.1,,1009.3,
2024-10-15 00:00:00,26.8,25.3,28.1,12.3,,,2.4,,1009.2,
2024-10-16 00:00:00,28,26.6,29.5,6.2,,,3,,1009.2,
2024-10-17 00:00:00,28.8,26.8,30.9,1.5,,,3.8,,1009.4,
2024-10-18 00:00:00,29,27,31.1,0.7,,,3,,1009.4,
2024-10-19 00:00:00,28.4,26.3,30.2,2.7,,,2.3,,1010.4,
2024-10-20 00:00:00,28.1,26.1,30.4,0.9,,,1.9,,1010.8,
2024-10-21 00:00:00,27.7,26,29.8,10.1,,,1.8,,1011,
2024-10-22 00:00:00,27.2,25.7,29.1,7.2,,,1.4,,1010.9,
2024-10-23 00:00:00,27,25.5,29,12.8,,,2,,1010.7,
2024-10-24 00:00:00,27.5,25.4,29.8,6.6,,,2.4,,1011,
2024-10-25 00:00:00,28.1,26,30,10.2,,,3.2,,1011,
2024-10-26 00:00:00,27.7,26.1,29.1,30.2,,,2.9,,1011,
2024-10-27 00:00:00,27.7,26,29.4,22.8,,,2.7,,1010,
2024-10-28 00:00:00,27.9,25.9,29.7,17.2,,,2.9,,1009.7,
2024-10-29 00:00:00,28.4,26.4,30.5,12.4,,,3,,1010.1,
2024-10-30 00:00:00,28.5,26.2,31,1.2,,,2.4,,1010.2,
2024-10-31 00:00:00,27.9,26,30.6,3.7,,,2,,1010.6,
2024-11-01 00:00:00,26.8,25.1,29.1,19.3,,,1.9,,1011.3,
2024-11-02 00:00:00,26.4,24.6,28.5,11,,,2,,1011.7,
2024-11-03 00:00:00,26.4,24.3,28.8,13.7,,,2.3,,1011.4,
2024-11-04 00:00:00,26.3,24.4,28.5,10.1,,,1.9,,1010.7,
2024-11-05 00:00:00,26.3,24.3,28.8,16.3,,,1.8,,1010.6,
2024-11-06 00:00:00,27.4,24.2,30.2,0.3,,,3.4,,1010.6,
2024-11-07 00:00:00,28,25.6,30.3,2.9,,,2.7,,1010.5,
2024-11-08 00:00:00,26.9,25.6,28.6,17.5,,,2.6,,1010.3,
2024-11-09 00:00:00,27.3,25.1,29.9,3,,,4.8,,1009.7,
2024-11-10 00:00:00,27.9,25.3,30.8,0.2,,,5.7,,1009.6,
2024-11-11 00:00:00,28.1,25.6,30.9,1.4,,,4.7,,1009.1,
2024-11-12 00:00:00,28,25.8,30.5,0.8,,,2.4,,1008.8,
2024-11-13 00:00:00,28.1,25.8,30.8,1.3,,,2.1,,1007.9,
2024-11-14 00:00:00,27.6,25.6,30.4,5.3,,,2.1,,1008.8,
2024-11-15 00:00:00,27.2,24.9,30.3,9.4,,,1.9,,1009.5,
2024-11-16 00:00:00,27.6,24.9,30.7,5.1,,,2.2,,1009,
2024-11-17 00:00:00,27.8,25.1,31,4.8,,,2.1,,1008.6,
2024-11-18 00:00:00,27.4,25.1,31,10.5,,,2.1,,1008.9,
2024-11-19 00:00:00,26.9,24.8,29.8,10.5,,,2.4,,1009.8,
2024-11-20 00:00:00,26.9,24.6,30.2,16.7,,,2.4,,1009.4,
2024-11-21 00:00:00,27.1,24.7,30.4,2.8,,,2.9,,1009.1,
2024-11-22 00:00:00,27.4,25,30.6,15.9,,,4.3,,1009.1,
2024-11-23 00:00:00,27.8,24.9,31.1,1,,,3.5,,1009.4,
2024-11-24 00:00:00,27.4,25.6,29.5,7.4,,,5.5,,1009.1,
2024-11-25 00:00:00,26.2,25.3,27.7,27.6,,,7.1,,1008,
2024-11-26 00:00:00,25.9,25.3,27.3,28.8,,,9,,1006.3,
2024-11-27 00:00:00,26.1,25.3,27.3,44.1,,,8.6,,1005.5,
2024-11-28 00:00:00,26.7,25.8,27.8,7.6,,,8,,1006.2,
2024-11-29 00:00:00,26.8,25.8,27.9,14.8,,,3.3,,1006.6,
2024-11-30 00:00:00,27.3,25.9,28.4,5.6,,,3,,1006.6,
2024-12-01 00:00:00,27.8,26.1,29.3,0.7,,,3.1,,1006.6,
2024-12-02 00:00:00,28.2,25.7,30.2,0.2,,,2.7,,1007.5,
2024-12-03 00:00:00,28.3,25.2,30.6,0.3,,,2.9,,1008.8,
2024-12-04 00:00:00,28.4,25.6,30.8,0,,,2.7,,1009.4,
2024-12-05 00:00:00,27.5,25.1,31.5,1.9,,,3.1,,1009.9,
2024-12-06 00:00:00,28.4,24.5,32.4,0.2,,,3.6,,1009.7,
2024-12-07 00:00:00,27.9,24.9,32.2,2.3,,,3.2,,1009.3,
2024-12-08 00:00:00,27.6,24.6,31.7,5.2,,,3.1,,1009.4,
2024-12-09 00:00:00,27.5,23.7,32.1,0,,,3.7,,1009.4,
2024-12-10 00:00:00,27.4,24,31.2,,,,4.3,,1009.1,
2024-12-11 00:00:00,27.4,25,30.9,,,,4.9,,1009.1,
2024-12-12 00:00:00,27.2,25.1,29.9,,,,4.8,,1008.9,
2024-12-13 00:00:00,27.6,25.8,31.1,,,,3.5,,1009,
2024-12-14 00:00:00,26.3,24.8,30.8,10.8,,,3.3,,1010.1,
2024-12-15 00:00:00,27.8,24.6,31.7,0,,,7.4,,1010.1,
2024-12-16 00:00:00,26.2,24.4,29.8,5.2,,,8,,1009.7,
2024-12-17 00:00:00,26.7,24.6,29.2,17.6,,,6.4,,1009.3,
2024-12-18 00:00:00,27.5,24.8,30,1.2,,,3.9,,1009.2,
2024-12-19 00:00:00,27.4,23.9,30.7,3,,,2.9,,1009.2,
2024-12-20 00:00:00,27.8,25.4,31.4,3.7,,,2.9,,1009.5,
2024-12-21 00:00:00,28.1,25,30.7,8.4,,,2.7,,1009.5,
2024-12-22 00:00:00,28.4,26.3,31.5,3.3,,,3.4,,1010,
2024-12-23 00:00:00,27.7,24.8,31.6,0,,,4.9,,1010.1,
2024-12-24 00:00:00,26.8,23.1,31,0.2,,,3.1,,1010.4,
2024-12-25 00:00:00,26.6,23.2,30.5,0,,,2.8,,1011.4,
2024-12-26 00:00:00,27.6,23.2,31,0,,,3.2,,1012.4,
2024-12-27 00:00:00,27.5,24.6,30.7,9.2,,,3.3,,1012.6,
2024-12-28 00:00:00,28.1,25,31.9,2.3,,,4.5,,1012.1,
2024-12-29 00:00:00,27.9,25,31.3,2.5,,,5.8,,1011.6,
2024-12-30 00:00:00,27.4,25.3,31.5,4.6,,,4.4,,1011.2,
2024-12-31 00:00:00,27.3,25.3,30.5,6.9,,,2.8,,1010.6,
2025-01-01 00:00:00,25.3,25,26,25.6,,,6.4,,1009.9,
2025-01-02 00:00:00,26.3,24.8,27.2,2,,,7,,1010.5,
2025-01-03 00:00:00,27.4,24,30,0,,,7.7,,1010.5,
2025-01-04 00:00:00,27.1,24.1,29.3,2.3,,,6.9,,1010.5,
2025-01-05 00:00:00,27.1,25,29.6,0.8,,,5.8,,1010.8,
2025-01-06 00:00:00,27.8,25.3,29.2,0,,,6.7,,1010.8,
2025-01-07 00:00:00,26.7,23,29.2,0,,,4.4,,1010.4,
2025-01-08 00:00:00,27.2,24.4,30.5,0.2,,,4.6,,1010.1,
2025-01-09 00:00:00,29.2,25.1,31.8,1.9,,,5.7,,1010.5,
2025-01-10 00:00:00,27.8,25.3,31,5.6,,,6.5,,1011.5,
2025-01-11 00:00:00,26.6,25.3,29.7,2.4,,,7.6,,1011.6,
2025-01-12 00:00:00,25.2,24.5,26,16.1,,,6.2,,1010.8,
2025-01-13 00:00:00,26.8,23.9,30.4,8.3,,,4,,1009.4,
2025-01-14 00:00:00,25.9,24.8,27.5,18.2,,,4.1,,1010.3,
2025-01-15 00:00:00,27,24.2,29.1,3.9,,,4.4,,1010.9,
2025-01-16 00:00:00,26.5,24.9,29.4,5.2,,,5.8,,1010.4,
2025-01-17 00:00:00,28.4,24.6,32.2,0,,,9,,1009.6,
2025-01-18 00:00:00,26.9,24.7,30.5,15.8,,,8,,1008.8,
2025-01-19 00:00:00,25.4,24.6,26.5,24.8,,,5.1,,1009.2,
2025-01-20 00:00:00,27.2,23.8,30.5,14.9,,,5.5,,1008.8,
2025-01-21 00:00:00,26,24,29.6,1,,,6.9,,1008.7,
2025-01-22 00:00:00,25.4,24.2,27,0,,,4.3,,1009.1,
2025-01-23 00:00:00,25.8,24,29.7,6.7,,,2.8,,1009.1,
2025-01-24 00:00:00,24.9,23.7,27.5,5.6,,,3.7,,1009,
2025-01-25 00:00:00,26.6,24.6,28.2,0.1,,,4.6,,1008.9,
2025-01-26 00:00:00,28,24.2,31.7,1.1,,,5.3,,1008.7,
2025-01-27 00:00:00,26.9,24.5,30,0,,,7.6,,1008.5,
2025-01-28 00:00:00,26.4,24,28.5,1,,,5,,1009.5,
2025-01-29 00:00:00,26.5,24.7,29,15.6,,,5.7,,1009.9,
2025-01-30 00:00:00,27.1,25.1,28.6,9.4,,,4.1,,1009.5,
2025-01-31 00:00:00,27.7,25.2,31,4.2,,,2.8,,1008.8,
2025-02-01 00:00:00,28.8,26.1,30.2,2.9,,,3.6,,1009.8,
2025-02-02 00:00:00,30.2,25.2,33.2,0,,,4.1,,1009.6,
2025-02-03 00:00:00,27.6,23.2,32,0,,,4.8,,1010.6,
2025-02-04 00:00:00,27.7,23.8,32.1,0,,,5.3,,1010.6,
2025-02-05 00:00:00,28.2,25.6,30,0.3,,,4.5,,1009.7,
2025-02-06 00:00:00,27.3,25.2,30.7,0.1,,,4.2,,1009.2,
2025-02-07 00:00:00,28.4,24,32,0,,,5.9,,1010.2,
2025-02-08 00:00:00,27.9,23.2,34,0,,,6.9,,1010.1,
2025-02-09 00:00:00,28.4,24,32.5,0,,,6.6,,1009.6,
2025-02-10 00:00:00,27.7,23.2,32.2,0,,,6.2,,1010.9,
2025-02-11 00:00:00,29.1,26.5,31,0.1,,,5.6,,1011.6,
2025-02-12 00:00:00,28.4,25.1,31.7,0,,,3.8,,1011,
2025-02-13 00:00:00,27.7,24.2,31.7,0.1,,,4.8,,1011.1,
2025-02-14 00:00:00,27.3,23.7,30.5,1.4,,,4.5,,1011.3,
2025-02-15 00:00:00,27.9,24,31.6,0,,,4.5,,1010.5,
2025-02-16 00:00:00,27.2,25.5,30.2,0.1,,,3.9,,1010.3,
2025-02-17 00:00:00,28.4,24.6,32.2,3.4,,,4.8,,1011.6,
2025-02-18 00:00:00,28.2,25.1,31.1,0.7,,,4.5,,1011.9,
2025-02-19 00:00:00,28.3,25.2,31.1,0.1,,,4.3,,1010.7,
2025-02-20 00:00:00,28.7,24.7,31.7,0.1,,,4.1,,1011.1,
2025-02-21 00:00:00,30,28,32,0.5,,,4.4,,1012,
2025-02-22 00:00:00,28.6,25,30.6,0.1,,,4.2,,1012.6,
2025-02-23 00:00:00,28.4,24.5,32.2,0.3,,,3.8,,1012.4,
2025-02-24 00:00:00,29.5,26.5,31.5,0.4,,,3.9,,1011.7,
2025-02-25 00:00:00,29,25.7,34.2,4.9,,,5.6,,1011.9,
2025-02-26 00:00:00,29.1,25.2,33.5,5.3,,,5.4,,1011.5,
2025-02-27 00:00:00,28.2,25.5,32.2,9.7,,,4.1,,1010.3,
2025-02-28 00:00:00,26.7,25,30.5,15.4,,,3.1,,1010,
2025-03-01 00:00:00,26.5,24.2,30.2,18.6,,,3.2,,1009.4,
2025-03-02 00:00:00,26.8,24,30.2,2.5,,,3,,1009.6,
2025-03-03 00:00:00,27,24.5,30.7,46,,,2.8,,1009.9,
2025-03-04 00:00:00,27.3,24.4,29.6,2.8,,,2.7,,1009.4,
2025-03-05 00:00:00,28.2,24.7,31.1,0,,,3.1,,1009.9,
2025-03-06 00:00:00,28.1,25.1,31.2,0,,,3.4,,1010.9,
2025-03-07 00:00:00,28.2,24.7,30.7,0.8,,,3.8,,1010,
2025-03-08 00:00:00,28.5,25,31.1,0,,,3.9,,1009,
2025-03-09 00:00:00,28.3,24.6,32.2,0,,,4.2,,1008.7,
2025-03-10 00:00:00,28.1,27,29.7,0,,,4.4,,1009.2,
2025-03-11 00:00:00,26.1,23.5,32,20.3,,,3.5,,1009.5,
2025-03-12 00:00:00,28.6,23.5,31.6,3,,,3,,1010.1,
2025-03-13 00:00:00,28.5,25.6,32,0.7,,,3,,1009.7,
2025-03-14 00:00:00,28.2,25,31.5,0.4,,,3,,1009.8,
2025-03-15 00:00:00,28,24.7,31.5,1.5,,,2.8,,1010.5,
2025-03-16 00:00:00,26.4,24.5,29.7,0.5,,,2.7,,1010.8,
2025-03-17 00:00:00,25.9,24,30.4,0,,,2.7,,1010.4,
2025-03-18 00:00:00,27.9,24.2,31.1,,,,2.8,,1010.6,
2025-03-19 00:00:00,26.9,24.1,31.7,,,,2.7,,1011.4,
2025-03-20 00:00:00,28.7,24.1,31.5,15.5,,,2.9,,1012.3,
2025-03-21 00:00:00,28.2,25,31.5,0,,,3.1,,1012.2,
2025-03-22 00:00:00,27.7,25,31.2,64.5,,,2.9,,1012.1,
2025-03-23 00:00:00,28.7,25,31.2,0,,,3.5,,1011.9,
2025-03-24 00:00:00,29.2,27.5,31,1.5,,,3.1,,1011,
2025-03-25 00:00:00,27,25,31.6,0.7,,,2.7,,1009.3,
2025-03-26 00:00:00,29.6,26.8,31,5.2,,,3.3,,1008.7,
2025-03-27 00:00:00,28.7,26,31,0.4,,,3.7,,1008.8,
2025-03-28 00:00:00,28.9,23.2,32,0.6,,,3.4,,1008.1,
2025-03-29 00:00:00,28.6,23.9,32,0.2,,,3.8,,1007.6,
2025-03-30 00:00:00,29,25.7,31.5,1,,,3.2,,1008.4,
2025-03-31 00:00:00,30,27.8,31.1,3.2,,,3.1,,1008.8,
2025-04-01 00:00:00,28.3,26.6,30.5,0.7,,,3.5,,1008.5,
2025-04-02 00:00:00,28.1,25.7,31.6,9.5,,,3.6,,1008.7,
2025-04-03 00:00:00,27.5,25,31.7,5.4,,,3.4,,1010.4,
2025-04-04 00:00:00,27.5,24.6,30.2,4.2,,,3.3,,1011.1,
2025-04-05 00:00:00,27.7,24.6,30.2,5.6,,,2.8,,1010.5,
2025-04-06 00:00:00,27.7,24.6,31.2,37.1,,,3.8,,1009.4,
2025-04-07 00:00:00,28,25,31,0,,,3.1,,1009.1,
2025-04-08 00:00:00,29,25,32,2.5,,,3.5,,1009.8,
2025-04-09 00:00:00,28.3,26.1,30.5,3.3,,,3,,1010,
2025-04-10 00:00:00,27.5,25.2,30.2,7.6,,,4.1,,1009,
2025-04-11 00:00:00,28.2,24.7,31,0,,,5.9,,1009.2,
2025-04-12 00:00:00,29,25,32.2,2.5,,,4.5,,1009.2,
2025-04-13 00:00:00,29,25.6,31.6,0,,,4.2,,1009.5,
2025-04-14 00:00:00,29.5,24.9,31.5,3.5,,,3.4,,1009,
2025-04-15 00:00:00,29.6,26.7,31.2,0.4,,,3,,1009.1,
2025-04-16 00:00:00,29.2,26.2,31.7,1.5,,,2.8,,1009.4,
2025-04-17 00:00:00,29.8,26.7,32,,,,2.9,,1009.1,
2025-04-18 00:00:00,29.7,27.7,31.7,,,,3.1,,1008.7,
2025-04-19 00:00:00,29.6,26.7,32.2,,,,3.4,,1008.6,
2025-04-20 00:00:00,30.4,29.6,31.2,,,,3.4,,1009.1,
2025-04-21 00:00:00,29.8,28.4,30.7,9.2,,,3.7,,1010.1,
2025-04-22 00:00:00,28,23.8,31.2,5.9,,,3.3,,1010.9,
2025-04-23 00:00:00,28.1,25.1,31.7,4.2,,,3.4,,1010.1,
2025-04-24 00:00:00,28.9,25.6,31.7,3.1,,,3.4,,1009.1,
2025-04-25 00:00:00,28.4,25.3,31.2,3.2,,,3.7,,1008.9,
2025-04-26 00:00:00,28.6,26.6,31.7,3.6,,,3.4,,1008.7,
2025-04-27 00:00:00,28.2,25.7,31,10.9,,,3.3,,1009.1,
2025-04-28 00:00:00,28.7,26,31,1.9,,,3.4,,1008.5,
2025-04-29 00:00:00,28.9,25.7,32,0.5,,,3.8,,1008,
2025-04-30 00:00:00,26.9,25.5,28.6,0,,,3.2,,1009,
2025-05-01 00:00:00,28.7,25.2,31.5,1.2,,,4.1,,1009.4,
2025-05-02 00:00:00,28.6,26,31.2,1.3,,,4.1,,1009.5,
2025-05-03 00:00:00,29.3,25.8,31,9.6,,,3.8,,1009.4,
2025-05-04 00:00:00,29.7,27.5,31.3,1.8,,,3.1,,1008.3,
2025-05-05 00:00:00,28.2,24.1,31.2,5.7,,,3.8,,1008.1,
2025-05-06 00:00:00,30.5,28.1,31.7,3.3,,,4.1,,1008.8,
2025-05-07 00:00:00,27.9,26.1,30.6,11.2,,,3.3,,1008.5,
2025-05-08 00:00:00,26.8,25.2,30.5,8.3,,,3.1,,1008.5,
2025-05-09 00:00:00,29.1,25.5,31.2,0.8,,,3.1,,1008.9,
2025-05-10 00:00:00,30,28.2,32,5.3,,,3.9,,1009.1,
2025-05-11 00:00:00,29.8,26.7,31.7,1.5,,,5,,1008.8,
2025-05-12 00:00:00,30.1,28.2,31.5,0,,,4.8,,1007.8,
2025-05-13 00:00:00,29.1,26.6,31.2,10.9,,,5.5,,1007.3,
2025-05-14 00:00:00,30.7,29.9,32.1,12.3,,,5.1,,1007.6,
2025-05-15 00:00:00,27.9,26.7,30.5,15.1,,,4.4,,1007.9,
2025-05-16 00:00:00,29.5,26.6,31.2,10.3,,,4.1,,1008,
2025-05-17 00:00:00,27,25,31,20.5,,,3.7,,1007.7,
2025-05-18 00:00:00,28.2,26.2,30,23.6,,,4.1,,1006.9,
2025-05-19 00:00:00,27.9,25.5,29.3,11.2,,,6.1,,1006.2,
2025-05-20 00:00:00,28.8,28.1,30.1,0,,,6.1,,1006.3,
2025-05-21 00:00:00,29.5,28.6,30.2,13,,,5.9,,1007.6,
2025-05-22 00:00:00,29.7,28.1,31.5,18.1,,,4.8,,1007.7,
2025-05-23 00:00:00,29.7,28.5,31,4.7,,,5.9,,1006.8,
2025-05-24 00:00:00,25.8,24,28.6,19.2,,,5.7,,1007.1,
2025-05-25 00:00:00,28.2,24.7,30.7,8.1,,,4.8,,1008.1,
2025-05-26 00:00:00,27.9,25.7,30.2,12.8,,,6.3,,1008.5,
2025-05-27 00:00:00,28.4,26.1,29.7,3.9,,,7.2,,1007.9,
2025-05-28 00:00:00,29.3,28.2,30.5,3,,,7.9,,1007.6,
2025-05-29 00:00:00,29,25.7,31.5,14,,,9,,1007.8,
2025-05-30 00:00:00,27.3,24.5,29.7,13.9,,,7.6,,1008.5,
2025-05-31 00:00:00,28.8,27.9,30.5,11.5,,,7.1,,1009.7,
2025-06-01 00:00:00,29.3,28.4,30.7,8,,,6.1,,1010.1,
2025-06-02 00:00:00,29.5,28.5,30.7,5.4,,,5.9,,1010.1,
2025-06-03 00:00:00,29.5,28,31,6,,,4.4,,1010,
2025-06-04 00:00:00,29.1,26.7,31,7.4,,,4.3,,1010.4,
2025-06-05 00:00:00,29.4,26.5,31.2,5.7,,,5.2,,1010.1,
2025-06-06 00:00:00,29.4,28.1,31.2,5.8,,,4.8,,1010.3,
2025-06-07 00:00:00,29.3,28.1,30.7,2.5,,,6.1,,1010.8,
2025-06-08 00:00:00,29.6,28.5,30.7,0,,,6.1,,1010.1,
2025-06-09 00:00:00,29.7,28.5,31.2,1.6,,,6.5,,1009,
2025-06-10 00:00:00,28.6,27.5,30.5,31.2,,,7.6,,1007,
2025-06-11 00:00:00,28.2,26.2,30.6,41.4,,,7.5,,1006.4,
2025-06-12 00:00:00,28.8,26.5,30.2,10.9,,,6.9,,1006.2,
2025-06-13 00:00:00,28.2,26.2,30.2,24.5,,,6.3,,1007.7,
2025-06-14 00:00:00,26.5,24,29,36.9,,,6.2,,1008.9,
2025-06-15 00:00:00,26.4,25.5,27.6,32.2,,,4.7,,1009.2,
2025-06-16 00:00:00,25.6,23.7,29.5,27.8,,,4,,1009.5,
2025-06-17 00:00:00,26.6,24.4,30.5,8.5,,,3.3,,1010.4,
2025-06-18 00:00:00,28.1,24.4,30.5,2.3,,,3.8,,1010.2,
2025-06-19 00:00:00,28.5,26.3,31,8,,,4.3,,1010,
2025-06-20 00:00:00,28.6,27,30.2,5.4,,,5.1,,1010.4,
2025-06-21 00:00:00,28.6,27.7,29.5,10.6,,,5.5,,1010.2,
2025-06-22 00:00:00,29,28,30,7.3,,,5.8,,1010,
2025-06-23 00:00:00,28.6,26.5,30.4,4.9,,,5.9,,1009.5,
2025-06-24 00:00:00,28.8,26.6,30.6,2.3,,,5.8,,1008.9,
2025-06-25 00:00:00,28.4,25.5,30.7,7,,,5.8,,1008.8,
2025-06-26 00:00:00,27.8,25.5,30.2,25.2,,,4.2,,1009,
2025-06-27 00:00:00,28.3,25.3,30.1,7.9,,,3.6,,1009.3,
2025-06-28 00:00:00,28.7,27.2,30.5,12.2,,,4.8,,1009.7,
2025-06-29 00:00:00,28.8,27.1,30.5,7.7,,,4.4,,1009.1,
2025-06-30 00:00:00,29.1,28,30.7,1.5,,,4.4,,1008.5,
2025-07-01 00:00:00,29,28,30.5,2.5,,,5.9,,1009.3,
2025-07-02 00:00:00,29.1,27.7,31.2,1.4,,,5.6,,1009.1,
2025-07-03 00:00:00,28.8,26.7,30.7,13.1,,,5.1,,1009.7,
2025-07-04 00:00:00,28.8,26.6,30.2,2.4,,,5,,1010.6,
2025-07-05 00:00:00,29.1,26.6,30.7,1.6,,,5.1,,1010.2,
2025-07-06 00:00:00,29.1,27.7,30.6,6.3,,,5.5,,1009.9,
2025-07-07 00:00:00,29.2,28.5,30.5,2.8,,,4.9,,1009.7,
2025-07-08 00:00:00,29.6,28.3,31.6,0.4,,,6,,1009.9,
2025-07-09 00:00:00,29.5,28.2,31.2,5.8,,,5.1,,1009.6,
2025-07-10 00:00:00,29.7,28.8,30.7,4.7,,,5.7,,1008.3,
2025-07-11 00:00:00,29.5,28.1,31.6,2.7,,,6.7,,1007.9,
2025-07-12 00:00:00,28.9,27.6,30.7,8.5,,,6.1,,1009.1,
2025-07-13 00:00:00,29,27.6,31.5,10.6,,,6.7,,1009.5,
2025-07-14 00:00:00,28.7,26.7,30.7,15.4,,,5.3,,1009.6,
2025-07-15 00:00:00,28.7,28,29.7,4.9,,,5.5,,1008.6,
2025-07-16 00:00:00,28.6,27.2,31,27.4,,,5.3,,1008,
2025-07-17 00:00:00,28.2,27,29.8,4.3,,,6.6,,1008.1,
2025-07-18 00:00:00,27.9,25,30,5,,,6.6,,1008.1,
2025-07-19 00:00:00,27.3,26,29.2,2,,,7.7,,1007.1,
2025-07-20 00:00:00,27.1,26.2,28.5,0,,,6.2,,1007.1,
2025-07-21 00:00:00,26.9,25.7,28,23.4,,,5.4,,1008.1,
2025-07-22 00:00:00,27.5,26.1,29.1,21.4,,,5.4,,1009.2,
2025-07-23 00:00:00,27.2,26.2,28.2,14.6,,,5.2,,1008.8,
2025-07-24 00:00:00,26.8,24.5,29,8.1,,,4.5,,1008.5,
2025-07-25 00:00:00,26.5,23.7,29,2.3,,,3.1,,1009,
2025-07-26 00:00:00,26,23.5,28.2,0,,,3.3,,1010.4,
2025-07-27 00:00:00,27.6,23.6,30.3,1.7,,,3,,1010.3,
2025-07-28 00:00:00,27.8,26.2,29.8,0.2,,,4.2,,1009.4,
2025-07-29 00:00:00,27.9,25.5,29.7,0,,,5,,1009.3,
2025-07-30 00:00:00,28.4,27.2,29.5,0.7,,,4.8,,1009.3,
2025-07-31 00:00:00,27.7,27,28.7,0,,,4.7,,1009,
2025-08-01 00:00:00,27.4,26.7,28.7,1.8,,,4.2,,1008.2,
2025-08-02 00:00:00,26.9,26.5,27.5,6.2,,,4.8,,1008.1,
2025-08-03 00:00:00,26.6,26,27.2,6.1,,,3.7,,1009.2,
2025-08-04 00:00:00,27.1,25.6,28.6,0.3,,,4.8,,1009.3,
2025-08-05 00:00:00,27.1,25.7,28.7,0,,,5.8,,1009,
2025-08-06 00:00:00,27.7,27,29.1,1.7,,,5.7,,1008.6,
2025-08-07 00:00:00,28.2,26.5,30.7,3.7,,,5.5,,1008.5,
2025-08-08 00:00:00,28.7,27.2,30.5,5.1,,,5.5,,1009.5,
2025-08-09 00:00:00,28.5,27.1,30.1,1.7,,,5.1,,1011.2,
2025-08-10 00:00:00,28,26,29.7,4,,,5,,1011.2,
2025-08-11 00:00:00,27.1,25.2,29.5,2.3,,,4.7,,1011.1,
2025-08-12 00:00:00,27.6,26.6,28.6,0,,,5.5,,1010.1,
2025-08-13 00:00:00,28.1,26.7,29,9.4,,,6,,1009.2,
2025-08-14 00:00:00,28.1,26.5,30.1,7.1,,,5.5,,1009.2,
2025-08-15 00:00:00,28.6,27.5,30.2,7.3,,,6.2,,1008.8,
2025-08-16 00:00:00,28.5,27.3,29.7,4.7,,,7,,1007.6,
2025-08-17 00:00:00,28.2,27,30.2,5.1,,,6.3,,1007.8,
2025-08-18 00:00:00,28.7,27.1,30,3.5,,,5.8,,1009.9,
2025-08-19 00:00:00,28.3,27,29.6,0,,,5.2,,1010,
2025-08-20 00:00:00,28.4,27.1,29.5,0.6,,,4.7,,1009.8,
2025-08-21 00:00:00,28.6,27.2,30.7,0.2,,,4.8,,1010.2,
2025-08-22 00:00:00,28.6,27.1,30.2,6.1,,,5.1,,1010.1,
2025-08-23 00:00:00,28.2,27.3,30,4.9,,,4.9,,1010.2,
2025-08-24 00:00:00,28.4,27,30.5,1.3,,,4.4,,1010.7,
2025-08-25 00:00:00,28.2,27.1,29.7,0,,,5.1,,1009.8,
2025-08-26 00:00:00,28.4,27.2,30.1,3,,,6.3,,1010.2,
2025-08-27 00:00:00,26.9,24.5,30.2,6.5,,,6.7,,1010.2,
2025-08-28 00:00:00,28,25.3,29.7,17.9,,,5.6,,1010.1,
2025-08-29 00:00:00,28.4,26.5,30.5,20.5,,,5.1,,1010.5,
2025-08-30 00:00:00,28.3,26.7,29.9,11.7,,,4.6,,1011.1,
2025-08-31 00:00:00,28.5,27.1,30.1,9.4,,,5.1,,1010.3,
2025-09-01 00:00:00,28.6,27.3,30,5.8,,,6.2,,1008.5,
2025-09-02 00:00:00,28.7,27.4,30.3,2.5,,,6.8,,1008.4,
2025-09-03 00:00:00,28.7,27.1,30.5,6.8,,,6.7,,1008.8,
2025-09-04 00:00:00,28.5,27.1,30.6,5.1,,,5.9,,1009.4,
2025-09-05 00:00:00,28.8,27,31.5,6,,,5.1,,1010,
2025-09-06 00:00:00,28.7,27.2,31.2,2,,,4.9,,1010.2,
2025-09-07 00:00:00,28.9,27.2,31,0.8,,,4.5,,1009.8,
2025-09-08 00:00:00,28.2,27.9,28.7,1.3,,,4.1,,1008.8,
2025-09-09 00:00:00,28.7,28,29.7,2.7,,,4.3,,1009.2,
2025-09-10 00:00:00,29,27.5,31.2,1.7,,,4,,1009.9,
2025-09-11 00:00:00,29.2,27.4,31.5,2.3,,,3.8,,1009.7,
2025-09-12 00:00:00,28.8,28,30.6,2,,,4.7,,1009.3,
2025-09-13 00:00:00,29,27.7,30.7,6.1,,,4.8,,1009.6,
2025-09-14 00:00:00,29.1,27.8,31,2.9,,,4.5,,1010.4,
2025-09-15 00:00:00,28.8,27.7,29.7,9.6,,,4.6,,1010.2,
2025-09-16 00:00:00,28.3,27.2,29,14.3,,,4.2,,1009.8,
2025-09-17 00:00:00,27.5,25.6,30.2,14.2,,,3.9,,1009.8,
2025-09-18 00:00:00,26.9,25,29.5,15.9,,,3.7,,1010,
2025-09-19 00:00:00,28.5,27.2,29.7,17.4,,,4.3,,1010.9,
2025-09-20 00:00:00,29,27,32,5.4,,,5.1,,1010.3,
2025-09-21 00:00:00,28.7,26.5,31.2,19.4,,,5.9,,1009.8,
2025-09-22 00:00:00,28.7,26.6,31.1,24.9,,,5.9,,1010.7,
2025-09-23 00:00:00,28.9,26.1,31.7,10.4,,,5.5,,1011.6,
2025-09-24 00:00:00,28.5,27.2,30.5,9.4,,,5.4,,1010.6,
2025-09-25 00:00:00,26.7,24.7,29.7,25.6,,,5.8,,1009.6,
2025-09-26 00:00:00,27,25.2,28.7,32.6,,,5.2,,1009.8,
2025-09-27 00:00:00,28.6,26,30.5,8.3,,,4.7,,1010.6,
2025-09-28 00:00:00,29.1,27.5,30.2,7.7,,,4.2,,1010.8,
2025-09-29 00:00:00,28.6,27.6,30.1,6.1,,,4.9,,1010,
2025-09-30 00:00:00,28.4,27.5,30.1,2.4,,,5.1,,1008.9,
2025-10-01 00:00:00,28.9,27.7,30.3,2.5,,,5.6,,1008.5,
2025-10-02 00:00:00,28.9,26.2,31,1.9,,,4.4,,1009.8,
2025-10-03 00:00:00,28.9,25.9,30.7,0.4,,,3.1,,1011.1,
2025-10-04 00:00:00,25.7,22.7,29.5,19.7,,,2.9,,1011.8,
2025-10-05 00:00:00,27.1,25.2,29.1,9.3,,,2.4,,1011.9,
2025-10-06 00:00:00,28.8,26.7,30.2,3.1,,,2.2,,1011.6,
2025-10-07 00:00:00,28.4,26.5,29.2,2,,,2.7,,1011.4,
2025-10-08 00:00:00,28.7,26,31,2.1,,,2.6,,1011.3,
2025-10-09 00:00:00,28.6,25.6,30.7,1.6,,,2.4,,1011.5,
2025-10-10 00:00:00,28.4,26,30,4.9,,,2.7,,1011.1,
2025-10-11 00:00:00,27.4,25.2,29.5,0.7,,,2.5,,1010.1,
2025-10-12 00:00:00,27.7,24.5,31,1.5,,,3.3,,1009.2,
2025-10-13 00:00:00,27.2,24.2,30.7,1.1,,,2.5,,1008.6,
2025-10-14 00:00:00,27.4,24.1,30.2,9.4,,,3.2,,1007.3,
2025-10-15 00:00:00,26.2,24.1,29.1,14.2,,,2.4,,1006.4,
2025-10-16 00:00:00,27.4,24.2,29.7,9.6,,,2.4,,1006.6,
2025-10-17 00:00:00,26.4,24.7,29.2,17.7,,,2.4,,1008,
2025-10-18 00:00:00,27.2,24.7,29.5,19.5,,,2.3,,1008.3,
2025-10-19 00:00:00,25.9,23.7,28,27,,,2.6,,1007.6,
2025-10-20 00:00:00,26.1,24.1,28.1,22.7,,,2.4,,1006.9,
2025-10-21 00:00:00,25.4,24.2,27.5,33.8,,,2.7,,1007.3,
2025-10-22 00:00:00,26.2,24.7,28,33.7,,,2.9,,1008.8,
2025-10-23 00:00:00,26.7,23.7,29.7,41.4,,,3,,1010,
2025-10-24 00:00:00,25.6,24.6,27.1,14.2,,,2.4,,1010.2,
2025-10-25 00:00:00,26.3,24.5,27.5,4.1,,,2.1,,1009.8,
2025-10-26 00:00:00,28.4,27.2,29.7,0.3,,,3.4,,1009.5,
2025-10-27 00:00:00,28.9,28.1,30.2,0.6,,,4,,1009.6,
2025-10-28 00:00:00,28.8,27.5,30.1,5.3,,,4.2,,1009.9,
2025-10-29 00:00:00,28.3,26.2,30,1.7,,,4.2,,1010.4,
2025-10-30 00:00:00,28.8,26,31.5,0,,,3.1,,1011,
2025-10-31 00:00:00,28.8,24.8,31.7,0,,,3.3,,1011.9,
2025-11-01 00:00:00,28.6,24.8,30.7,0,,,3.6,,1011.8,
2025-11-02 00:00:00,29.1,27.5,30.5,0.7,,,4,,1012.6,
2025-11-03 00:00:00,28.8,27.7,30,0,,,4.5,,1012.4,
2025-11-04 00:00:00,28.9,27.5,31.2,0.7,,,4.6,,1011.8,
2025-11-05 00:00:00,28.5,27,29.7,5.9,,,5.2,,1010.7,
2025-11-06 00:00:00,28.3,27.7,29.2,47.1,,,4.7,,1010.5,
2025-11-07 00:00:00,27,25.1,28.7,3.1,,,3.4,,1011.1,
2025-11-08 00:00:00,26.3,25.1,27.7,2.3,,,2.9,,1011.8,
2025-11-09 00:00:00,27.9,24.5,30.5,2.6,,,2.7,,1011.2,
2025-11-10 00:00:00,27.3,24.2,29.2,2.7,,,2.5,,1011.2,
2025-11-11 00:00:00,27.6,24.6,30.2,9.8,,,2.6,,1011.5,
2025-11-12 00:00:00,27.1,25.5,30.1,10,,,3.5,,1010.9,
2025-11-13 00:00:00,27.6,25.2,30,7.6,,,3.4,,1011.2,
2025-11-14 00:00:00,27.5,25.2,30.7,8.4,,,3.8,,1010.7,
2025-11-15 00:00:00,27.7,26,29.6,0.6,,,5.8,,1011.2,
2025-11-16 00:00:00,27.6,26,29.6,1,,,6.5,,1011.4,
2025-11-17 00:00:00,26.2,23.7,29,14.8,,,5.3,,1010.6,
2025-11-18 00:00:00,25.5,23.5,30,17.3,,,3,,1010.1,
2025-11-19 00:00:00,28,26,29.7,2.4,,,3.1,,1010.3,
2025-11-20 00:00:00,27.7,25.5,29.7,3.9,,,3.8,,1010.7,
2025-11-21 00:00:00,27.1,24,30.1,17.9,,,3.7,,1011.1,
2025-11-22 00:00:00,27.1,24.1,30.5,20.3,,,3.1,,1010.8,
2025-11-23 00:00:00,26.7,25,28.7,18.5,,,2.7,,1010.5,
2025-11-24 00:00:00,25.5,24.4,27.7,22.1,,,2.7,,1010.6,
2025-11-25 00:00:00,26.7,25.1,28.7,19,,,3.2,,1010.2,
2025-11-26 00:00:00,25.1,24.2,26,14.8,,,4.5,,1009.6,
2025-11-27 00:00:00,24,23.7,24.5,65.7,,,6.7,,1009.3,
2025-11-28 00:00:00,23.5,23.2,23.7,55.7,,,6.1,,1008.9,
2025-11-29 00:00:00,24.7,22.7,25.7,20.5,,,5.5,,1008.8,
2025-11-30 00:00:00,25.5,21.2,28.7,0,,,5,,1009.8,
2025-12-01 00:00:00,26.5,24.1,29,0,,,3.8,,1010,
2025-12-02 00:00:00,27,25,29.2,0,,,3.7,,1009.6,
2025-12-03 00:00:00,27.4,25.2,29.5,0,,,3.1,,1010.6,
2025-12-04 00:00:00,26.7,24.5,29,8.3,,,2.9,,1011.1,
2025-12-05 00:00:00,25.6,24.1,29.6,19.2,,,2.9,,1011.4,
2025-12-06 00:00:00,26.1,24,29.2,10.9,,,2.7,,1011.7,
2025-12-07 00:00:00,27.4,25,30.5,9.8,,,3.1,,1012,
2025-12-08 00:00:00,28.4,26.1,30,0,,,5.3,,1011.3,
2025-12-09 00:00:00,27.5,25.5,29.5,9.1,,,6.5,,1010.4,
2025-12-10 00:00:00,27.1,25.2,29.5,16.2,,,5.1,,1010.4,
2025-12-11 00:00:00,27.3,25.4,29,14.8,,,6.5,,1010.3,
2025-12-12 00:00:00,27.1,25,29.5,7.6,,,5.2,,1010,
2025-12-13 00:00:00,27.2,24.7,29.7,38.3,,,5.4,,1010.2,
2025-12-14 00:00:00,26.9,24.1,29.2,0,,,7.6,,1010.8,
2025-12-15 00:00:00,25.7,24.5,28.2,0,,,8.1,,1010.6,
2025-12-16 00:00:00,28,25.5,29.7,4.4,,,4.5,,1009.8,
2025-12-17 00:00:00,27.7,25.7,29.7,5.2,,,2.8,,1010.4,
2025-12-18 00:00:00,25.6,24,27,6.4,,,4.5,,1010.7,
2025-12-19 00:00:00,27.9,25,29.6,0,,,6.5,,1010.2,
2025-12-20 00:00:00,26.8,23.7,29,0,,,7.4,,1009.5,
2025-12-21 00:00:00,26.8,24.2,28.9,0,,,7.6,,1009.7,
2025-12-22 00:00:00,26.5,23.7,29.6,0,,,7.6,,1009.6,
2025-12-23 00:00:00,27.3,23.8,31.1,0,,,7.5,,1009.2,
2025-12-24 00:00:00,27.3,24.1,29.6,0,,,6.8,,1009.7,
2025-12-25 00:00:00,27.7,24.7,30.3,0,,,6.7,,1010.1,
2025-12-26 00:00:00,26.9,22.8,30.3,0,,,6.4,,1010.1,
2025-12-27 00:00:00,27.9,24.7,30.7,0,,,6.3,,1010.2,
2025-12-28 00:00:00,27.3,24.3,30.7,0,,,6.6,,1010.8,
2025-12-29 00:00:00,27.8,25,30,0,,,6.2,,1010.4,
2025-12-30 00:00:00,27.1,24.6,30.2,0,,,6.8,,1010.5,
2025-12-31 00:00:00,27.1,24.8,29.2,16.4,,,6,,1009.9,
2026-01-01 00:00:00,27.6,25.7,29.2,9.1,,,5.5,,1010.3,
